replicon	gene	start	end	strand	width	annotation_description	size	NCBI_accession	seq_id
204G7_N15	204G7_N15_1	3	536	-	534	Phage minor tail protein L	47450	204G7_N15	204G7_N15
204G7_N15	204G7_N15_2	533	880	-	348	Phage-related protein	47450	204G7_N15	204G7_N15
204G7_N15	204G7_N15_3	886	3402	-	2517	Phage-related minor tail protein	47450	204G7_N15	204G7_N15
204G7_N15	204G7_N15_4	3380	3700	-	321	phage tail assembly protein T	47450	204G7_N15	204G7_N15
204G7_N15	204G7_N15_5	3709	4131	-	423	phage minor tail protein G	47450	204G7_N15	204G7_N15
204G7_N15	204G7_N15_6	4168	4905	-	738	Lambda phage tail tube protein, TTP	47450	204G7_N15	204G7_N15
204G7_N15	204G7_N15_7	4913	5311	-	399	Phage minor tail protein U	47450	204G7_N15	204G7_N15
204G7_N15	204G7_N15_8	5308	5862	-	555	Prophage minor tail protein Z (GPZ)	47450	204G7_N15	204G7_N15
204G7_N15	204G7_N15_9	5872	6225	-	354	Phage Head-Tail Attachment	47450	204G7_N15	204G7_N15
204G7_N15	204G7_N15_10	6236	6643	-	408	DNA packaging protein FI	47450	204G7_N15	204G7_N15
204G7_N15	204G7_N15_11	6689	7714	-	1026	Phage major capsid protein E	47450	204G7_N15	204G7_N15
204G7_N15	204G7_N15_12	7782	8114	-	333	Bacteriophage lambda head decoration protein D	47450	204G7_N15	204G7_N15
204G7_N15	204G7_N15_13	8124	9467	-	1344	NA	47450	204G7_N15	204G7_N15
204G7_N15	204G7_N15_14	9448	11037	-	1590	NA	47450	204G7_N15	204G7_N15
204G7_N15	204G7_N15_15	11034	11240	-	207	gpW	47450	204G7_N15	204G7_N15
204G7_N15	204G7_N15_16	11240	13162	-	1923	Terminase large subunit gpA, endonuclease domain	47450	204G7_N15	204G7_N15
204G7_N15	204G7_N15_17	13134	13640	-	507	Phage DNA packaging protein, Nu1 subunit of terminase	47450	204G7_N15	204G7_N15
204G7_N15	204G7_N15_18	14050	14859	-	810	NA	47450	204G7_N15	204G7_N15
204G7_N15	204G7_N15_19	15030	15341	-	312	NA	47450	204G7_N15	204G7_N15
204G7_N15	204G7_N15_20	15341	15544	-	204	NA	47450	204G7_N15	204G7_N15
204G7_N15	204G7_N15_21	15581	16126	-	546	NA	47450	204G7_N15	204G7_N15
204G7_N15	204G7_N15_22	16126	16662	-	537	Phage-related lysozyme (muramidase), GH24 family	47450	204G7_N15	204G7_N15
204G7_N15	204G7_N15_23	16659	16964	-	306	NA	47450	204G7_N15	204G7_N15
204G7_N15	204G7_N15_24	17099	18232	-	1134	DNA methylase	47450	204G7_N15	204G7_N15
204G7_N15	204G7_N15_25	18455	18682	-	228	mobile rSAM pair MarR family regulator	47450	204G7_N15	204G7_N15
204G7_N15	204G7_N15_26	18692	18913	-	222	NA	47450	204G7_N15	204G7_N15
204G7_N15	204G7_N15_27	19080	19391	+	312	NA	47450	204G7_N15	204G7_N15
204G7_N15	204G7_N15_28	19391	19678	+	288	NA	47450	204G7_N15	204G7_N15
204G7_N15	204G7_N15_29	19742	19969	-	228	NA	47450	204G7_N15	204G7_N15
204G7_N15	204G7_N15_30	20059	20280	-	222	NA	47450	204G7_N15	204G7_N15
204G7_N15	204G7_N15_31	20301	20627	-	327	NA	47450	204G7_N15	204G7_N15
204G7_N15	204G7_N15_32	20630	20878	-	249	NA	47450	204G7_N15	204G7_N15
204G7_N15	204G7_N15_33	20881	21492	-	612	NA	47450	204G7_N15	204G7_N15
204G7_N15	204G7_N15_34	21485	21982	-	498	NA	47450	204G7_N15	204G7_N15
204G7_N15	204G7_N15_35	21988	22905	-	918	DNA polymerase III, epsilon subunit or related 3'-5' exonuclease	47450	204G7_N15	204G7_N15
204G7_N15	204G7_N15_36	23318	24064	-	747	Phage antitermination protein Q	47450	204G7_N15	204G7_N15
204G7_N15	204G7_N15_37	24051	24266	-	216	Predicted site-specific integrase-resolvase	47450	204G7_N15	204G7_N15
204G7_N15	204G7_N15_38	24348	24956	+	609	NA	47450	204G7_N15	204G7_N15
204G7_N15	204G7_N15_39	25206	29180	+	3975	NA	47450	204G7_N15	204G7_N15
204G7_N15	204G7_N15_40	29192	29440	+	249	NA	47450	204G7_N15	204G7_N15
204G7_N15	204G7_N15_41	29437	29766	+	330	NA	47450	204G7_N15	204G7_N15
204G7_N15	204G7_N15_42	29769	30155	+	387	NA	47450	204G7_N15	204G7_N15
204G7_N15	204G7_N15_43	30568	30732	+	165	NA	47450	204G7_N15	204G7_N15
204G7_N15	204G7_N15_44	30729	30956	+	228	NA	47450	204G7_N15	204G7_N15
204G7_N15	204G7_N15_45	30956	31729	+	774	NA	47450	204G7_N15	204G7_N15
204G7_N15	204G7_N15_46	31903	33798	-	1896	NA	47450	204G7_N15	204G7_N15
204G7_N15	204G7_N15_47	34477	35640	+	1164	NA	47450	204G7_N15	204G7_N15
204G7_N15	204G7_N15_48	35643	36662	+	1020	NA	47450	204G7_N15	204G7_N15
204G7_N15	204G7_N15_49	36736	37053	-	318	NA	47450	204G7_N15	204G7_N15
204G7_N15	204G7_N15_50	37053	37292	-	240	NA	47450	204G7_N15	204G7_N15
204G7_N15	204G7_N15_51	37367	37948	-	582	Site-specific DNA recombinase related to the DNA invertase Pin	47450	204G7_N15	204G7_N15
204G7_N15	204G7_N15_52	38079	38825	+	747	phage tail assembly protein T	47450	204G7_N15	204G7_N15
204G7_N15	204G7_N15_53	38791	39561	-	771	NA	47450	204G7_N15	204G7_N15
204G7_N15	204G7_N15_54	39645	40934	-	1290	NA	47450	204G7_N15	204G7_N15
204G7_N15	204G7_N15_55	40977	41261	+	285	NA	47450	204G7_N15	204G7_N15
204G7_N15	204G7_N15_56	41340	42014	-	675	Bacteriophage capsid protein	47450	204G7_N15	204G7_N15
204G7_N15	204G7_N15_57	42014	42316	-	303	NA	47450	204G7_N15	204G7_N15
204G7_N15	204G7_N15_58	42318	45869	-	3552	Phage-related protein, tail component	47450	204G7_N15	204G7_N15
204G7_N15	204G7_N15_59	45920	46510	-	591	Phage-related protein, tail component	47450	204G7_N15	204G7_N15
204G7_N15	204G7_N15_60	46498	47229	-	732	Proteasome lid subunit RPN8/RPN11, contains Jab1/MPN domain metalloenzyme (JAMM) motif	47450	204G7_N15	204G7_N15
170D8_P1_1	170D8_P1_1_1	1	2271	+	2271	Phage-related tail fibre protein	90188	170D8_P1_1	170D8_P1_1
170D8_P1_1	170D8_P1_1_2	2271	2873	+	603	NA	90188	170D8_P1_1	170D8_P1_1
170D8_P1_1	170D8_P1_1_3	2932	3459	-	528	NA	90188	170D8_P1_1	170D8_P1_1
170D8_P1_1	170D8_P1_1_4	3463	4695	-	1233	NA	90188	170D8_P1_1	170D8_P1_1
170D8_P1_1	170D8_P1_1_5	4743	5303	-	561	NA	90188	170D8_P1_1	170D8_P1_1
170D8_P1_1	170D8_P1_1_6	5409	5735	+	327	LydA holin phage, holin superfamily III	90188	170D8_P1_1	170D8_P1_1
170D8_P1_1	170D8_P1_1_7	5735	6181	+	447	LydA-holin antagonist	90188	170D8_P1_1	170D8_P1_1
170D8_P1_1	170D8_P1_1_8	6171	6788	+	618	NA	90188	170D8_P1_1	170D8_P1_1
170D8_P1_1	170D8_P1_1_9	6785	8722	+	1938	Defence against restriction A N-terminal	90188	170D8_P1_1	170D8_P1_1
170D8_P1_1	170D8_P1_1_10	8722	9090	+	369	NA	90188	170D8_P1_1	170D8_P1_1
170D8_P1_1	170D8_P1_1_11	9185	10570	+	1386	NA	90188	170D8_P1_1	170D8_P1_1
170D8_P1_1	170D8_P1_1_12	10635	12320	+	1686	Bacteriophage T4-like portal protein (Gp20)	90188	170D8_P1_1	170D8_P1_1
170D8_P1_1	170D8_P1_1_13	12334	13332	+	999	NA	90188	170D8_P1_1	170D8_P1_1
170D8_P1_1	170D8_P1_1_14	13533	14495	+	963	Pyocin large subunit	90188	170D8_P1_1	170D8_P1_1
170D8_P1_1	170D8_P1_1_15	14909	15133	+	225	NA	90188	170D8_P1_1	170D8_P1_1
170D8_P1_1	170D8_P1_1_16	15133	15840	+	708	Phage regulatory protein Rha	90188	170D8_P1_1	170D8_P1_1
170D8_P1_1	170D8_P1_1_17	15840	16037	+	198	NA	90188	170D8_P1_1	170D8_P1_1
170D8_P1_1	170D8_P1_1_18	16070	16555	-	486	NA	90188	170D8_P1_1	170D8_P1_1
170D8_P1_1	170D8_P1_1_19	16707	23543	+	6837	NA	90188	170D8_P1_1	170D8_P1_1
170D8_P1_1	170D8_P1_1_20	23634	24014	+	381	NA	90188	170D8_P1_1	170D8_P1_1
170D8_P1_1	170D8_P1_1_21	24017	24277	+	261	NA	90188	170D8_P1_1	170D8_P1_1
170D8_P1_1	170D8_P1_1_22	24417	24908	+	492	NA	90188	170D8_P1_1	170D8_P1_1
170D8_P1_1	170D8_P1_1_23	24923	25123	+	201	NA	90188	170D8_P1_1	170D8_P1_1
170D8_P1_1	170D8_P1_1_24	25120	25419	+	300	NA	90188	170D8_P1_1	170D8_P1_1
170D8_P1_1	170D8_P1_1_25	25533	26741	+	1209	NA	90188	170D8_P1_1	170D8_P1_1
170D8_P1_1	170D8_P1_1_26	29101	29535	+	435	NA	90188	170D8_P1_1	170D8_P1_1
170D8_P1_1	170D8_P1_1_27	29535	29699	+	165	NA	90188	170D8_P1_1	170D8_P1_1
170D8_P1_1	170D8_P1_1_28	30349	30924	+	576	NA	90188	170D8_P1_1	170D8_P1_1
170D8_P1_1	170D8_P1_1_29	30924	31316	+	393	NA	90188	170D8_P1_1	170D8_P1_1
170D8_P1_1	170D8_P1_1_30	31425	31817	+	393	NA	90188	170D8_P1_1	170D8_P1_1
170D8_P1_1	170D8_P1_1_31	31814	33178	+	1365	NA	90188	170D8_P1_1	170D8_P1_1
170D8_P1_1	170D8_P1_1_32	33178	34686	+	1509	Terminase large subunit, ATPase domain	90188	170D8_P1_1	170D8_P1_1
170D8_P1_1	170D8_P1_1_33	34714	35751	-	1038	NA	90188	170D8_P1_1	170D8_P1_1
170D8_P1_1	170D8_P1_1_34	36146	37174	+	1029	NA	90188	170D8_P1_1	170D8_P1_1
170D8_P1_1	170D8_P1_1_35	37248	37592	+	345	NA	90188	170D8_P1_1	170D8_P1_1
170D8_P1_1	170D8_P1_1_36	37589	38065	+	477	RNA polymerase Rpc34 subunit	90188	170D8_P1_1	170D8_P1_1
170D8_P1_1	170D8_P1_1_37	38062	38556	+	495	deoxyuridine 5'-triphosphate nucleotidohydrolase (dut)	90188	170D8_P1_1	170D8_P1_1
170D8_P1_1	170D8_P1_1_38	38571	39233	+	663	NA	90188	170D8_P1_1	170D8_P1_1
170D8_P1_1	170D8_P1_1_39	39240	40040	+	801	NA	90188	170D8_P1_1	170D8_P1_1
170D8_P1_1	170D8_P1_1_40	40124	40504	-	381	NA	90188	170D8_P1_1	170D8_P1_1
170D8_P1_1	170D8_P1_1_41	40504	40725	-	222	NA	90188	170D8_P1_1	170D8_P1_1
170D8_P1_1	170D8_P1_1_42	40798	41187	-	390	NA	90188	170D8_P1_1	170D8_P1_1
170D8_P1_1	170D8_P1_1_43	41311	41562	-	252	DNA polymerase III, theta subunit	90188	170D8_P1_1	170D8_P1_1
170D8_P1_1	170D8_P1_1_44	41565	41831	-	267	NA	90188	170D8_P1_1	170D8_P1_1
170D8_P1_1	170D8_P1_1_45	41877	42647	-	771	NA	90188	170D8_P1_1	170D8_P1_1
170D8_P1_1	170D8_P1_1_46	42644	42952	-	309	NA	90188	170D8_P1_1	170D8_P1_1
170D8_P1_1	170D8_P1_1_47	42952	43245	-	294	NA	90188	170D8_P1_1	170D8_P1_1
170D8_P1_1	170D8_P1_1_48	43258	43752	-	495	NA	90188	170D8_P1_1	170D8_P1_1
170D8_P1_1	170D8_P1_1_49	43701	43922	-	222	NA	90188	170D8_P1_1	170D8_P1_1
170D8_P1_1	170D8_P1_1_50	43960	44217	-	258	NA	90188	170D8_P1_1	170D8_P1_1
170D8_P1_1	170D8_P1_1_51	44217	44906	-	690	NA	90188	170D8_P1_1	170D8_P1_1
170D8_P1_1	170D8_P1_1_52	44903	45112	-	210	NA	90188	170D8_P1_1	170D8_P1_1
170D8_P1_1	170D8_P1_1_53	45299	45475	-	177	NA	90188	170D8_P1_1	170D8_P1_1
170D8_P1_1	170D8_P1_1_54	45648	46094	-	447	Ead/Ea22-like protein	90188	170D8_P1_1	170D8_P1_1
170D8_P1_1	170D8_P1_1_55	46091	46711	-	621	Ead/Ea22-like protein	90188	170D8_P1_1	170D8_P1_1
170D8_P1_1	170D8_P1_1_56	46708	46899	-	192	NA	90188	170D8_P1_1	170D8_P1_1
170D8_P1_1	170D8_P1_1_57	46996	47991	-	996	Putative nuclease YbcO	90188	170D8_P1_1	170D8_P1_1
170D8_P1_1	170D8_P1_1_58	48088	48756	-	669	bis(5'-nucleosyl)-tetraphosphatase (symmetrical)	90188	170D8_P1_1	170D8_P1_1
170D8_P1_1	170D8_P1_1_59	48793	49941	-	1149	NA	90188	170D8_P1_1	170D8_P1_1
170D8_P1_1	170D8_P1_1_60	50113	50424	-	312	NA	90188	170D8_P1_1	170D8_P1_1
170D8_P1_1	170D8_P1_1_61	50421	50645	-	225	NA	90188	170D8_P1_1	170D8_P1_1
170D8_P1_1	170D8_P1_1_62	50623	50916	-	294	NA	90188	170D8_P1_1	170D8_P1_1
170D8_P1_1	170D8_P1_1_63	50913	51161	-	249	NA	90188	170D8_P1_1	170D8_P1_1
170D8_P1_1	170D8_P1_1_64	51158	51799	-	642	Ead/Ea22-like protein	90188	170D8_P1_1	170D8_P1_1
170D8_P1_1	170D8_P1_1_65	51796	52305	-	510	NA	90188	170D8_P1_1	170D8_P1_1
170D8_P1_1	170D8_P1_1_66	52295	52612	-	318	Baseplate J-like protein	90188	170D8_P1_1	170D8_P1_1
170D8_P1_1	170D8_P1_1_67	52609	53232	-	624	Nucleoside 2-deoxyribosyltransferase	90188	170D8_P1_1	170D8_P1_1
170D8_P1_1	170D8_P1_1_68	53232	53384	-	153	NA	90188	170D8_P1_1	170D8_P1_1
170D8_P1_1	170D8_P1_1_69	53505	54083	+	579	Recombination enhancement, RecA-dependent nuclease	90188	170D8_P1_1	170D8_P1_1
170D8_P1_1	170D8_P1_1_70	54415	54582	+	168	NA	90188	170D8_P1_1	170D8_P1_1
170D8_P1_1	170D8_P1_1_71	54895	55110	+	216	NA	90188	170D8_P1_1	170D8_P1_1
170D8_P1_1	170D8_P1_1_72	55110	56036	+	927	Phage regulatory protein Rha	90188	170D8_P1_1	170D8_P1_1
170D8_P1_1	170D8_P1_1_73	56096	56407	+	312	NA	90188	170D8_P1_1	170D8_P1_1
170D8_P1_1	170D8_P1_1_74	56404	56796	-	393	NA	90188	170D8_P1_1	170D8_P1_1
170D8_P1_1	170D8_P1_1_75	56817	57425	-	609	NA	90188	170D8_P1_1	170D8_P1_1
170D8_P1_1	170D8_P1_1_76	57709	58362	+	654	NA	90188	170D8_P1_1	170D8_P1_1
170D8_P1_1	170D8_P1_1_77	58363	58497	-	135	NA	90188	170D8_P1_1	170D8_P1_1
170D8_P1_1	170D8_P1_1_78	58691	59020	+	330	NA	90188	170D8_P1_1	170D8_P1_1
170D8_P1_1	170D8_P1_1_79	59013	60218	+	1206	NA	90188	170D8_P1_1	170D8_P1_1
170D8_P1_1	170D8_P1_1_80	60444	60983	-	540	NA	90188	170D8_P1_1	170D8_P1_1
170D8_P1_1	170D8_P1_1_81	61135	61926	+	792	NA	90188	170D8_P1_1	170D8_P1_1
170D8_P1_1	170D8_P1_1_82	61923	62690	+	768	NA	90188	170D8_P1_1	170D8_P1_1
170D8_P1_1	170D8_P1_1_83	62694	63674	+	981	Phage protein D	90188	170D8_P1_1	170D8_P1_1
170D8_P1_1	170D8_P1_1_84	63671	64324	+	654	phage baseplate assembly protein V	90188	170D8_P1_1	170D8_P1_1
170D8_P1_1	170D8_P1_1_85	64384	65289	+	906	NA	90188	170D8_P1_1	170D8_P1_1
170D8_P1_1	170D8_P1_1_86	65273	65953	+	681	NA	90188	170D8_P1_1	170D8_P1_1
170D8_P1_1	170D8_P1_1_87	65946	66851	+	906	DNA adenine methylase (dam)	90188	170D8_P1_1	170D8_P1_1
170D8_P1_1	170D8_P1_1_88	66996	67280	-	285	NA	90188	170D8_P1_1	170D8_P1_1
170D8_P1_1	170D8_P1_1_89	67273	67914	-	642	NA	90188	170D8_P1_1	170D8_P1_1
170D8_P1_1	170D8_P1_1_90	68192	68530	-	339	Plasmid stability protein	90188	170D8_P1_1	170D8_P1_1
170D8_P1_1	170D8_P1_1_91	68543	69499	-	957	NA	90188	170D8_P1_1	170D8_P1_1
170D8_P1_1	170D8_P1_1_92	69777	70061	+	285	Zn-binding Pro-Ala-Ala-Arg (PAAR) domain, incolved in TypeVI secretion	90188	170D8_P1_1	170D8_P1_1
170D8_P1_1	170D8_P1_1_93	70061	70864	+	804	NA	90188	170D8_P1_1	170D8_P1_1
170D8_P1_1	170D8_P1_1_94	70941	71393	+	453	NA	90188	170D8_P1_1	170D8_P1_1
170D8_P1_1	170D8_P1_1_95	71547	72005	-	459	NA	90188	170D8_P1_1	170D8_P1_1
170D8_P1_1	170D8_P1_1_96	72023	72457	-	435	NA	90188	170D8_P1_1	170D8_P1_1
170D8_P1_1	170D8_P1_1_97	72640	74271	+	1632	NA	90188	170D8_P1_1	170D8_P1_1
170D8_P1_1	170D8_P1_1_98	74271	74375	+	105	NA	90188	170D8_P1_1	170D8_P1_1
170D8_P1_1	170D8_P1_1_99	74419	74697	+	279	NA	90188	170D8_P1_1	170D8_P1_1
170D8_P1_1	170D8_P1_1_100	74765	76423	+	1659	Type VI secretion system, TssC, VipB	90188	170D8_P1_1	170D8_P1_1
170D8_P1_1	170D8_P1_1_101	76469	77203	+	735	NA	90188	170D8_P1_1	170D8_P1_1
170D8_P1_1	170D8_P1_1_102	77253	77843	+	591	NA	90188	170D8_P1_1	170D8_P1_1
170D8_P1_1	170D8_P1_1_103	77852	78343	+	492	NA	90188	170D8_P1_1	170D8_P1_1
170D8_P1_1	170D8_P1_1_104	78398	78949	+	552	NA	90188	170D8_P1_1	170D8_P1_1
170D8_P1_1	170D8_P1_1_105	78965	79672	+	708	T4-like virus tail tube protein gp19	90188	170D8_P1_1	170D8_P1_1
170D8_P1_1	170D8_P1_1_106	80054	80809	-	756	NA	90188	170D8_P1_1	170D8_P1_1
170D8_P1_1	170D8_P1_1_107	81198	82019	+	822	T4 bacteriophage base plate protein	90188	170D8_P1_1	170D8_P1_1
170D8_P1_1	170D8_P1_1_108	82034	85825	+	3792	NA	90188	170D8_P1_1	170D8_P1_1
170D8_P1_1	170D8_P1_1_109	85831	86205	+	375	Baseplate wedge protein gp25	90188	170D8_P1_1	170D8_P1_1
170D8_P1_1	170D8_P1_1_110	86202	87632	+	1431	putative baseplate assembly protein	90188	170D8_P1_1	170D8_P1_1
170D8_P1_1	170D8_P1_1_111	87643	88488	+	846	NA	90188	170D8_P1_1	170D8_P1_1
170D8_P1_1	170D8_P1_1_112	88585	89031	+	447	NA	90188	170D8_P1_1	170D8_P1_1
170D8_P1_1	170D8_P1_1_113	89034	90188	+	1155	Microcystin-dependent protein  (function unknown)	90188	170D8_P1_1	170D8_P1_1
174J8_P1_2	174J8_P1_2_1	1	696	-	696	Phage-related tail fibre protein	97472	174J8_P1_2	174J8_P1_2
174J8_P1_2	174J8_P1_2_2	708	1142	-	435	NA	97472	174J8_P1_2	174J8_P1_2
174J8_P1_2	174J8_P1_2_3	1221	2057	-	837	NA	97472	174J8_P1_2	174J8_P1_2
174J8_P1_2	174J8_P1_2_4	2057	3490	-	1434	putative baseplate assembly protein	97472	174J8_P1_2	174J8_P1_2
174J8_P1_2	174J8_P1_2_5	3487	3843	-	357	Baseplate wedge protein gp25	97472	174J8_P1_2	174J8_P1_2
174J8_P1_2	174J8_P1_2_6	3843	7538	-	3696	NA	97472	174J8_P1_2	174J8_P1_2
174J8_P1_2	174J8_P1_2_7	7620	8501	-	882	T4 bacteriophage base plate protein	97472	174J8_P1_2	174J8_P1_2
174J8_P1_2	174J8_P1_2_8	8516	9127	-	612	T4-like virus tail tube protein gp19	97472	174J8_P1_2	174J8_P1_2
174J8_P1_2	174J8_P1_2_9	9138	9704	-	567	NA	97472	174J8_P1_2	174J8_P1_2
174J8_P1_2	174J8_P1_2_10	9763	10239	-	477	NA	97472	174J8_P1_2	174J8_P1_2
174J8_P1_2	174J8_P1_2_11	10301	10948	-	648	NA	97472	174J8_P1_2	174J8_P1_2
174J8_P1_2	174J8_P1_2_12	11376	11597	+	222	NA	97472	174J8_P1_2	174J8_P1_2
174J8_P1_2	174J8_P1_2_13	11594	12628	+	1035	Phage antirepressor protein YoqD, KilAC domain	97472	174J8_P1_2	174J8_P1_2
174J8_P1_2	174J8_P1_2_14	12793	13593	+	801	Phage antirepressor protein YoqD, KilAC domain	97472	174J8_P1_2	174J8_P1_2
174J8_P1_2	174J8_P1_2_15	13659	14468	+	810	Pyocin large subunit	97472	174J8_P1_2	174J8_P1_2
174J8_P1_2	174J8_P1_2_16	14637	15341	+	705	NA	97472	174J8_P1_2	174J8_P1_2
174J8_P1_2	174J8_P1_2_17	15341	15805	+	465	NA	97472	174J8_P1_2	174J8_P1_2
174J8_P1_2	174J8_P1_2_18	15972	16268	-	297	NA	97472	174J8_P1_2	174J8_P1_2
174J8_P1_2	174J8_P1_2_19	16352	16861	-	510	NA	97472	174J8_P1_2	174J8_P1_2
174J8_P1_2	174J8_P1_2_20	16873	17337	-	465	NA	97472	174J8_P1_2	174J8_P1_2
174J8_P1_2	174J8_P1_2_21	17490	18305	-	816	NA	97472	174J8_P1_2	174J8_P1_2
174J8_P1_2	174J8_P1_2_22	18315	19904	-	1590	Type VI secretion system, TssC, VipB	97472	174J8_P1_2	174J8_P1_2
174J8_P1_2	174J8_P1_2_23	19965	21671	-	1707	NA	97472	174J8_P1_2	174J8_P1_2
174J8_P1_2	174J8_P1_2_24	21898	22899	-	1002	ParB family	97472	174J8_P1_2	174J8_P1_2
174J8_P1_2	174J8_P1_2_25	22916	24112	-	1197	ParA helix turn helix domain	97472	174J8_P1_2	174J8_P1_2
174J8_P1_2	174J8_P1_2_26	24281	25090	-	810	NA	97472	174J8_P1_2	174J8_P1_2
174J8_P1_2	174J8_P1_2_27	25383	26267	-	885	TrfA protein	97472	174J8_P1_2	174J8_P1_2
174J8_P1_2	174J8_P1_2_28	26603	26995	-	393	NA	97472	174J8_P1_2	174J8_P1_2
174J8_P1_2	174J8_P1_2_29	27171	27593	-	423	NA	97472	174J8_P1_2	174J8_P1_2
174J8_P1_2	174J8_P1_2_30	27633	28421	-	789	NA	97472	174J8_P1_2	174J8_P1_2
174J8_P1_2	174J8_P1_2_31	28884	29168	+	285	NA	97472	174J8_P1_2	174J8_P1_2
174J8_P1_2	174J8_P1_2_32	29161	30066	+	906	NA	97472	174J8_P1_2	174J8_P1_2
174J8_P1_2	174J8_P1_2_33	30063	32651	+	2589	DNA adenine methylase (dam)	97472	174J8_P1_2	174J8_P1_2
174J8_P1_2	174J8_P1_2_34	33723	33896	+	174	NA	97472	174J8_P1_2	174J8_P1_2
174J8_P1_2	174J8_P1_2_35	34409	34645	+	237	NA	97472	174J8_P1_2	174J8_P1_2
174J8_P1_2	174J8_P1_2_36	34626	35453	+	828	Predicted small secreted protein	97472	174J8_P1_2	174J8_P1_2
174J8_P1_2	174J8_P1_2_37	35843	37207	+	1365	Divergent DnaB-like ATPase; Cell Wall Hydrolase	97472	174J8_P1_2	174J8_P1_2
174J8_P1_2	174J8_P1_2_38	37207	38205	+	999	NA	97472	174J8_P1_2	174J8_P1_2
174J8_P1_2	174J8_P1_2_39	38252	38884	-	633	phage baseplate assembly protein V	97472	174J8_P1_2	174J8_P1_2
174J8_P1_2	174J8_P1_2_40	38877	39893	-	1017	Phage protein D	97472	174J8_P1_2	174J8_P1_2
174J8_P1_2	174J8_P1_2_41	39895	40680	-	786	NA	97472	174J8_P1_2	174J8_P1_2
174J8_P1_2	174J8_P1_2_42	40667	41395	-	729	NA	97472	174J8_P1_2	174J8_P1_2
174J8_P1_2	174J8_P1_2_43	41399	42616	-	1218	NA	97472	174J8_P1_2	174J8_P1_2
174J8_P1_2	174J8_P1_2_44	42626	42886	-	261	Base plate wedge protein 53	97472	174J8_P1_2	174J8_P1_2
174J8_P1_2	174J8_P1_2_45	43150	43395	+	246	phage/conjugal plasmid C-4 type zinc finger protein, TraR family	97472	174J8_P1_2	174J8_P1_2
174J8_P1_2	174J8_P1_2_46	43398	43976	+	579	NA	97472	174J8_P1_2	174J8_P1_2
174J8_P1_2	174J8_P1_2_47	44043	44198	+	156	NA	97472	174J8_P1_2	174J8_P1_2
174J8_P1_2	174J8_P1_2_48	44700	45326	+	627	Kdo-III transferase WaaZ	97472	174J8_P1_2	174J8_P1_2
174J8_P1_2	174J8_P1_2_49	45323	46000	+	678	bis(5'-nucleosyl)-tetraphosphatase (symmetrical)	97472	174J8_P1_2	174J8_P1_2
174J8_P1_2	174J8_P1_2_50	45997	46698	+	702	NA	97472	174J8_P1_2	174J8_P1_2
174J8_P1_2	174J8_P1_2_51	46780	46998	+	219	NA	97472	174J8_P1_2	174J8_P1_2
174J8_P1_2	174J8_P1_2_52	47000	48262	+	1263	NA	97472	174J8_P1_2	174J8_P1_2
174J8_P1_2	174J8_P1_2_53	48335	48841	+	507	NA	97472	174J8_P1_2	174J8_P1_2
174J8_P1_2	174J8_P1_2_54	49106	52222	-	3117	NA	97472	174J8_P1_2	174J8_P1_2
174J8_P1_2	174J8_P1_2_55	52344	52970	-	627	NA	97472	174J8_P1_2	174J8_P1_2
174J8_P1_2	174J8_P1_2_56	52967	54523	-	1557	NA	97472	174J8_P1_2	174J8_P1_2
174J8_P1_2	174J8_P1_2_57	54706	54927	+	222	NA	97472	174J8_P1_2	174J8_P1_2
174J8_P1_2	174J8_P1_2_58	54927	55307	+	381	NA	97472	174J8_P1_2	174J8_P1_2
174J8_P1_2	174J8_P1_2_59	55312	55491	+	180	NA	97472	174J8_P1_2	174J8_P1_2
174J8_P1_2	174J8_P1_2_60	55519	56562	+	1044	NA	97472	174J8_P1_2	174J8_P1_2
174J8_P1_2	174J8_P1_2_61	56651	57103	+	453	NA	97472	174J8_P1_2	174J8_P1_2
174J8_P1_2	174J8_P1_2_62	57189	58382	+	1194	NA	97472	174J8_P1_2	174J8_P1_2
174J8_P1_2	174J8_P1_2_63	58382	59866	+	1485	Terminase large subunit, ATPase domain	97472	174J8_P1_2	174J8_P1_2
174J8_P1_2	174J8_P1_2_64	60206	60427	+	222	NA	97472	174J8_P1_2	174J8_P1_2
174J8_P1_2	174J8_P1_2_65	60424	61542	+	1119	Phage antirepressor protein YoqD, KilAC domain	97472	174J8_P1_2	174J8_P1_2
174J8_P1_2	174J8_P1_2_66	61575	62426	-	852	NA	97472	174J8_P1_2	174J8_P1_2
174J8_P1_2	174J8_P1_2_67	62537	62746	-	210	NA	97472	174J8_P1_2	174J8_P1_2
174J8_P1_2	174J8_P1_2_68	63350	63571	+	222	NA	97472	174J8_P1_2	174J8_P1_2
174J8_P1_2	174J8_P1_2_69	63579	64610	+	1032	NA	97472	174J8_P1_2	174J8_P1_2
174J8_P1_2	174J8_P1_2_70	64763	64972	+	210	NA	97472	174J8_P1_2	174J8_P1_2
174J8_P1_2	174J8_P1_2_71	65218	65778	+	561	Recombination enhancement, RecA-dependent nuclease	97472	174J8_P1_2	174J8_P1_2
174J8_P1_2	174J8_P1_2_72	65967	66608	+	642	NA	97472	174J8_P1_2	174J8_P1_2
174J8_P1_2	174J8_P1_2_73	66642	66953	-	312	NA	97472	174J8_P1_2	174J8_P1_2
174J8_P1_2	174J8_P1_2_74	67392	67613	+	222	NA	97472	174J8_P1_2	174J8_P1_2
174J8_P1_2	174J8_P1_2_75	67610	68725	+	1116	Phage antirepressor protein YoqD, KilAC domain	97472	174J8_P1_2	174J8_P1_2
174J8_P1_2	174J8_P1_2_76	68873	69328	+	456	NA	97472	174J8_P1_2	174J8_P1_2
174J8_P1_2	174J8_P1_2_77	69344	70096	+	753	NA	97472	174J8_P1_2	174J8_P1_2
174J8_P1_2	174J8_P1_2_78	70172	70420	-	249	NA	97472	174J8_P1_2	174J8_P1_2
174J8_P1_2	174J8_P1_2_79	70417	70857	-	441	NA	97472	174J8_P1_2	174J8_P1_2
174J8_P1_2	174J8_P1_2_80	70891	77658	-	6768	NA	97472	174J8_P1_2	174J8_P1_2
174J8_P1_2	174J8_P1_2_81	77735	79444	+	1710	Bacteriophage T4-like portal protein (Gp20)	97472	174J8_P1_2	174J8_P1_2
174J8_P1_2	174J8_P1_2_82	79437	80456	+	1020	NA	97472	174J8_P1_2	174J8_P1_2
174J8_P1_2	174J8_P1_2_83	80501	80755	-	255	NA	97472	174J8_P1_2	174J8_P1_2
174J8_P1_2	174J8_P1_2_84	80748	81305	-	558	NA	97472	174J8_P1_2	174J8_P1_2
174J8_P1_2	174J8_P1_2_85	81474	81962	+	489	NA	97472	174J8_P1_2	174J8_P1_2
174J8_P1_2	174J8_P1_2_86	82165	82959	+	795	NA	97472	174J8_P1_2	174J8_P1_2
174J8_P1_2	174J8_P1_2_87	83157	84461	+	1305	NA	97472	174J8_P1_2	174J8_P1_2
174J8_P1_2	174J8_P1_2_88	84493	84804	-	312	NA	97472	174J8_P1_2	174J8_P1_2
174J8_P1_2	174J8_P1_2_89	84794	87781	-	2988	NA	97472	174J8_P1_2	174J8_P1_2
174J8_P1_2	174J8_P1_2_90	87794	88159	-	366	NA	97472	174J8_P1_2	174J8_P1_2
174J8_P1_2	174J8_P1_2_91	88156	90075	-	1920	Defence against restriction A N-terminal	97472	174J8_P1_2	174J8_P1_2
174J8_P1_2	174J8_P1_2_92	90077	90679	-	603	Defence against restriction A N-terminal; Inorganic Pyrophosphatase	97472	174J8_P1_2	174J8_P1_2
174J8_P1_2	174J8_P1_2_93	90666	91109	-	444	LydA-holin antagonist	97472	174J8_P1_2	174J8_P1_2
174J8_P1_2	174J8_P1_2_94	91106	91435	-	330	LydA holin phage, holin superfamily III	97472	174J8_P1_2	174J8_P1_2
174J8_P1_2	174J8_P1_2_95	91510	91773	-	264	LydA holin phage, holin superfamily III	97472	174J8_P1_2	174J8_P1_2
174J8_P1_2	174J8_P1_2_96	92209	92781	-	573	NA	97472	174J8_P1_2	174J8_P1_2
174J8_P1_2	174J8_P1_2_97	93544	93834	+	291	NA	97472	174J8_P1_2	174J8_P1_2
174J8_P1_2	174J8_P1_2_98	93950	94273	+	324	Microcystin-dependent protein  (function unknown)	97472	174J8_P1_2	174J8_P1_2
174J8_P1_2	174J8_P1_2_99	94284	94781	+	498	Microcystin-dependent protein  (function unknown)	97472	174J8_P1_2	174J8_P1_2
174J8_P1_2	174J8_P1_2_100	94787	95398	-	612	NA	97472	174J8_P1_2	174J8_P1_2
174J8_P1_2	174J8_P1_2_101	95398	95856	-	459	Microcystin-dependent protein  (function unknown)	97472	174J8_P1_2	174J8_P1_2
174J8_P1_2	174J8_P1_2_102	96171	97469	-	1299	Phage-related tail fibre protein	97472	174J8_P1_2	174J8_P1_2
NC001901.0321	NC001901.0321_00001	89	595	+	168	NA	46375	NC_001901	NC_001901
NC001901.0321	NC001901.0321_00002	567	2489	+	640	NA	46375	NC_001901	NC_001901
NC001901.0321	NC001901.0321_00003	2489	2695	+	68	NA	46375	NC_001901	NC_001901
NC001901.0321	NC001901.0321_00004	2692	4284	+	530	NA	46375	NC_001901	NC_001901
NC001901.0321	NC001901.0321_00005	4265	5608	+	447	NA	46375	NC_001901	NC_001901
NC001901.0321	NC001901.0321_00006	5195	5608	+	137	NA	46375	NC_001901	NC_001901
NC001901.0321	NC001901.0321_00007	5618	5950	+	110	NA	46375	NC_001901	NC_001901
NC001901.0321	NC001901.0321_00008	6018	7043	+	341	NA	46375	NC_001901	NC_001901
NC001901.0321	NC001901.0321_00009	7089	7523	+	144	NA	46375	NC_001901	NC_001901
NC001901.0321	NC001901.0321_00010	7534	7887	+	117	NA	46375	NC_001901	NC_001901
NC001901.0321	NC001901.0321_00011	7897	8451	+	184	NA	46375	NC_001901	NC_001901
NC001901.0321	NC001901.0321_00012	8448	8846	+	132	NA	46375	NC_001901	NC_001901
NC001901.0321	NC001901.0321_00013	8854	9591	+	245	NA	46375	NC_001901	NC_001901
NC001901.0321	NC001901.0321_00014	9629	10051	+	140	NA	46375	NC_001901	NC_001901
NC001901.0321	NC001901.0321_00016	10358	12874	+	838	NA	46375	NC_001901	NC_001901
NC001901.0321	NC001901.0321_00017	12880	13227	+	115	NA	46375	NC_001901	NC_001901
NC001901.0321	NC001901.0321_00018	13224	13979	+	251	NA	46375	NC_001901	NC_001901
NC001901.0321	NC001901.0321_00019	13981	14712	+	243	NA	46375	NC_001901	NC_001901
NC001901.0321	NC001901.0321_00020	14712	15290	+	192	NA	46375	NC_001901	NC_001901
NC001901.0321	NC001901.0321_00021	15342	18527	+	1061	NA	46375	NC_001901	NC_001901
NC001901.0321	NC001901.0321_00022	18527	18829	+	100	NA	46375	NC_001901	NC_001901
NC001901.0321	NC001901.0321_00023	18829	19506	+	225	NA	46375	NC_001901	NC_001901
NC001901.0321	NC001901.0321_00024	19618	19854	+	78	NA	46375	NC_001901	NC_001901
NC001901.0321	NC001901.0321_00025	20066	21478	+	470	NA	46375	NC_001901	NC_001901
NC001901.0321	NC001901.0321_00026	21692	22078	+	128	NA	46375	NC_001901	NC_001901
NC001901.0321	NC001901.0321_00027	22121	23149	-	342	NA	46375	NC_001901	NC_001901
NC001901.0321	NC001901.0321_00028	23152	24315	-	387	NA	46375	NC_001901	NC_001901
NC001901.0321	NC001901.0321_00029	24995	26890	+	631	NA	46375	NC_001901	NC_001901
NC001901.0321	NC001901.0321_00030	27064	27858	-	264	NA	46375	NC_001901	NC_001901
NC001901.0321	NC001901.0321_00031	27855	28085	-	76	NA	46375	NC_001901	NC_001901
NC001901.0321	NC001901.0321_00032	28082	28372	-	96	NA	46375	NC_001901	NC_001901
NC001901.0321	NC001901.0321_00033	28614	28964	-	116	NA	46375	NC_001901	NC_001901
NC001901.0321	NC001901.0321_00034	28967	29296	-	109	NA	46375	NC_001901	NC_001901
NC001901.0321	NC001901.0321_00035	29300	29629	-	109	NA	46375	NC_001901	NC_001901
NC001901.0321	NC001901.0321_00036	29626	29874	-	82	NA	46375	NC_001901	NC_001901
NC001901.0321	NC001901.0321_00037	29886	33860	-	1324	NA	46375	NC_001901	NC_001901
NC001901.0321	NC001901.0321_00038	34109	34717	-	202	NA	46375	NC_001901	NC_001901
NC001901.0321	NC001901.0321_00039	34799	35014	+	71	NA	46375	NC_001901	NC_001901
NC001901.0321	NC001901.0321_00040	35001	35747	+	248	NA	46375	NC_001901	NC_001901
NC001901.0321	NC001901.0321_00041	36160	37074	+	304	NA	46375	NC_001901	NC_001901
NC001901.0321	NC001901.0321_00042	37080	37580	+	166	NA	46375	NC_001901	NC_001901
NC001901.0321	NC001901.0321_00043	37573	38166	+	197	NA	46375	NC_001901	NC_001901
NC001901.0321	NC001901.0321_00044	38169	38477	+	102	NA	46375	NC_001901	NC_001901
NC001901.0321	NC001901.0321_00045	38474	38893	+	139	NA	46375	NC_001901	NC_001901
NC001901.0321	NC001901.0321_00046	38890	38946	+	18	NA	46375	NC_001901	NC_001901
NC001901.0321	NC001901.0321_00047	38946	39272	+	108	NA	46375	NC_001901	NC_001901
NC001901.0321	NC001901.0321_00048	39293	39514	+	73	NA	46375	NC_001901	NC_001901
NC001901.0321	NC001901.0321_00049	39896	40183	-	95	NA	46375	NC_001901	NC_001901
NC001901.0321	NC001901.0321_00050	40183	40494	-	103	NA	46375	NC_001901	NC_001901
NC001901.0321	NC001901.0321_00051	40661	40882	+	73	NA	46375	NC_001901	NC_001901
NC001901.0321	NC001901.0321_00052	40892	41119	+	75	NA	46375	NC_001901	NC_001901
NC001901.0321	NC001901.0321_00053	41621	42475	+	284	NA	46375	NC_001901	NC_001901
NC001901.0321	NC001901.0321_00054	42610	42915	+	101	NA	46375	NC_001901	NC_001901
NC001901.0321	NC001901.0321_00055	42915	43451	+	178	NA	46375	NC_001901	NC_001901
NC001901.0321	NC001901.0321_00056	43448	43993	+	181	NA	46375	NC_001901	NC_001901
NC001901.0321	NC001901.0321_00057	44030	44233	+	67	NA	46375	NC_001901	NC_001901
NC001901.0321	NC001901.0321_00058	44233	44565	+	110	NA	46375	NC_001901	NC_001901
NC001901.0321	NC001901.0321_00059	44546	45541	+	331	NA	46375	NC_001901	NC_001901
NC001901.0321	NC001901.0321_00060	45696	46319	+	207	NA	46375	NC_001901	NC_001901
NC005856.0321	NC005856.0321_00001	207	428	+	73	NA	94800	NC_005856	NC_005856
NC005856.0321	NC005856.0321_00002	436	1467	+	343	NA	94800	NC_005856	NC_005856
NC005856.0321	NC005856.0321_00003	1518	1829	+	103	NA	94800	NC_005856	NC_005856
NC005856.0321	NC005856.0321_00004	2077	2637	+	186	NA	94800	NC_005856	NC_005856
NC005856.0321	NC005856.0321_00005	2716	3468	+	250	NA	94800	NC_005856	NC_005856
NC005856.0321	NC005856.0321_00006	3544	6456	-	970	NA	94800	NC_005856	NC_005856
NC005856.0321	NC005856.0321_00007	9750	9998	-	82	NA	94800	NC_005856	NC_005856
NC005856.0321	NC005856.0321_00008	9995	10435	-	146	NA	94800	NC_005856	NC_005856
NC005856.0321	NC005856.0321_00009	10469	17236	-	2255	NA	94800	NC_005856	NC_005856
NC005856.0321	NC005856.0321_00010	17312	19021	+	569	NA	94800	NC_005856	NC_005856
NC005856.0321	NC005856.0321_00011	19014	20033	+	339	NA	94800	NC_005856	NC_005856
NC005856.0321	NC005856.0321_00012	20013	20228	-	71	NA	94800	NC_005856	NC_005856
NC005856.0321	NC005856.0321_00013	20078	20332	-	84	NA	94800	NC_005856	NC_005856
NC005856.0321	NC005856.0321_00014	20325	20882	-	185	NA	94800	NC_005856	NC_005856
NC005856.0321	NC005856.0321_00015	21051	21539	+	162	NA	94800	NC_005856	NC_005856
NC005856.0321	NC005856.0321_00016	21569	22531	+	320	NA	94800	NC_005856	NC_005856
NC005856.0321	NC005856.0321_00017	22641	23144	-	167	NA	94800	NC_005856	NC_005856
NC005856.0321	NC005856.0321_00018	23063	23338	-	91	NA	94800	NC_005856	NC_005856
NC005856.0321	NC005856.0321_00019	23527	24132	+	201	NA	94800	NC_005856	NC_005856
NC005856.0321	NC005856.0321_00020	24244	24552	-	102	NA	94800	NC_005856	NC_005856
NC005856.0321	NC005856.0321_00021	24542	27529	-	995	NA	94800	NC_005856	NC_005856
NC005856.0321	NC005856.0321_00022	26577	26975	+	132	NA	94800	NC_005856	NC_005856
NC005856.0321	NC005856.0321_00023	27542	27907	-	121	NA	94800	NC_005856	NC_005856
NC005856.0321	NC005856.0321_00024	27904	29823	-	639	NA	94800	NC_005856	NC_005856
NC005856.0321	NC005856.0321_00025	29825	30436	-	203	NA	94800	NC_005856	NC_005856
NC005856.0321	NC005856.0321_00026	30414	30857	-	147	NA	94800	NC_005856	NC_005856
NC005856.0321	NC005856.0321_00027	30854	31183	-	109	NA	94800	NC_005856	NC_005856
NC005856.0321	NC005856.0321_00028	31251	31532	-	93	NA	94800	NC_005856	NC_005856
NC005856.0321	NC005856.0321_00029	31660	32220	+	186	NA	94800	NC_005856	NC_005856
NC005856.0321	NC005856.0321_00030	33785	34318	+	177	NA	94800	NC_005856	NC_005856
NC005856.0321	NC005856.0321_00031	34347	34874	-	175	NA	94800	NC_005856	NC_005856
NC005856.0321	NC005856.0321_00032	34878	37841	-	987	NA	94800	NC_005856	NC_005856
NC005856.0321	NC005856.0321_00033	37853	38287	-	144	NA	94800	NC_005856	NC_005856
NC005856.0321	NC005856.0321_00034	38366	39202	-	278	NA	94800	NC_005856	NC_005856
NC005856.0321	NC005856.0321_00035	39202	40635	-	477	NA	94800	NC_005856	NC_005856
NC005856.0321	NC005856.0321_00036	40632	40988	-	118	NA	94800	NC_005856	NC_005856
NC005856.0321	NC005856.0321_00037	40988	44410	-	1140	NA	94800	NC_005856	NC_005856
NC005856.0321	NC005856.0321_00038	44492	45373	-	293	NA	94800	NC_005856	NC_005856
NC005856.0321	NC005856.0321_00039	45388	45999	-	203	NA	94800	NC_005856	NC_005856
NC005856.0321	NC005856.0321_00040	46010	46576	-	188	NA	94800	NC_005856	NC_005856
NC005856.0321	NC005856.0321_00041	46786	47580	-	264	NA	94800	NC_005856	NC_005856
NC005856.0321	NC005856.0321_00042	47573	47908	-	111	NA	94800	NC_005856	NC_005856
NC005856.0321	NC005856.0321_00043	47912	48070	-	52	NA	94800	NC_005856	NC_005856
NC005856.0321	NC005856.0321_00044	48470	48691	+	73	NA	94800	NC_005856	NC_005856
NC005856.0321	NC005856.0321_00045	48688	49731	+	347	NA	94800	NC_005856	NC_005856
NC005856.0321	NC005856.0321_00046	48937	49731	+	264	NA	94800	NC_005856	NC_005856
NC005856.0321	NC005856.0321_00047	49896	50696	+	266	NA	94800	NC_005856	NC_005856
NC005856.0321	NC005856.0321_00048	50726	51571	+	281	NA	94800	NC_005856	NC_005856
NC005856.0321	NC005856.0321_00049	51740	52444	+	234	NA	94800	NC_005856	NC_005856
NC005856.0321	NC005856.0321_00050	52444	52908	+	154	NA	94800	NC_005856	NC_005856
NC005856.0321	NC005856.0321_00051	53074	53370	-	98	NA	94800	NC_005856	NC_005856
NC005856.0321	NC005856.0321_00052	53454	53963	-	169	NA	94800	NC_005856	NC_005856
NC005856.0321	NC005856.0321_00053	53975	54556	-	193	NA	94800	NC_005856	NC_005856
NC005856.0321	NC005856.0321_00054	54592	55407	-	271	NA	94800	NC_005856	NC_005856
NC005856.0321	NC005856.0321_00055	55417	57006	-	529	NA	94800	NC_005856	NC_005856
NC005856.0321	NC005856.0321_00056	57067	58773	-	568	NA	94800	NC_005856	NC_005856
NC005856.0321	NC005856.0321_00057	58999	60000	-	333	NA	94800	NC_005856	NC_005856
NC005856.0321	NC005856.0321_00058	60017	61213	-	398	NA	94800	NC_005856	NC_005856
NC005856.0321	NC005856.0321_00059	61771	62631	-	286	NA	94800	NC_005856	NC_005856
NC005856.0321	NC005856.0321_00060	62950	63342	-	130	NA	94800	NC_005856	NC_005856
NC005856.0321	NC005856.0321_00061	63354	63686	-	110	NA	94800	NC_005856	NC_005856
NC005856.0321	NC005856.0321_00062	63520	63942	-	140	NA	94800	NC_005856	NC_005856
NC005856.0321	NC005856.0321_00063	63982	64827	-	281	NA	94800	NC_005856	NC_005856
NC005856.0321	NC005856.0321_00064	64779	65063	-	94	NA	94800	NC_005856	NC_005856
NC005856.0321	NC005856.0321_00065	65233	65517	+	94	NA	94800	NC_005856	NC_005856
NC005856.0321	NC005856.0321_00066	65510	66415	+	301	NA	94800	NC_005856	NC_005856
NC005856.0321	NC005856.0321_00067	66412	68676	+	754	NA	94800	NC_005856	NC_005856
NC005856.0321	NC005856.0321_00070	69472	69849	-	125	NA	94800	NC_005856	NC_005856
NC005856.0321	NC005856.0321_00071	69850	70041	-	63	NA	94800	NC_005856	NC_005856
NC005856.0321	NC005856.0321_00072	70233	70658	+	141	NA	94800	NC_005856	NC_005856
NC005856.0321	NC005856.0321_00073	70658	70822	+	54	NA	94800	NC_005856	NC_005856
NC005856.0321	NC005856.0321_00074	70822	70929	+	35	NA	94800	NC_005856	NC_005856
NC005856.0321	NC005856.0321_00076	71295	72659	+	454	NA	94800	NC_005856	NC_005856
NC005856.0321	NC005856.0321_00077	72659	73657	+	332	NA	94800	NC_005856	NC_005856
NC005856.0321	NC005856.0321_00078	73704	74336	-	210	NA	94800	NC_005856	NC_005856
NC005856.0321	NC005856.0321_00079	74329	75345	-	338	NA	94800	NC_005856	NC_005856
NC005856.0321	NC005856.0321_00080	75347	76132	-	261	NA	94800	NC_005856	NC_005856
NC005856.0321	NC005856.0321_00081	76119	76847	-	242	NA	94800	NC_005856	NC_005856
NC005856.0321	NC005856.0321_00082	76851	78068	-	405	NA	94800	NC_005856	NC_005856
NC005856.0321	NC005856.0321_00083	78078	78455	-	125	NA	94800	NC_005856	NC_005856
NC005856.0321	NC005856.0321_00084	78602	78847	+	81	NA	94800	NC_005856	NC_005856
NC005856.0321	NC005856.0321_00085	78850	79428	+	192	NA	94800	NC_005856	NC_005856
NC005856.0321	NC005856.0321_00086	79495	79650	+	51	NA	94800	NC_005856	NC_005856
NC005856.0321	NC005856.0321_00087	79592	80254	+	220	NA	94800	NC_005856	NC_005856
NC005856.0321	NC005856.0321_00088	80152	80778	+	208	NA	94800	NC_005856	NC_005856
NC005856.0321	NC005856.0321_00089	80760	81452	+	230	NA	94800	NC_005856	NC_005856
NC005856.0321	NC005856.0321_00090	81449	82150	+	233	NA	94800	NC_005856	NC_005856
NC005856.0321	NC005856.0321_00091	82232	82450	+	72	NA	94800	NC_005856	NC_005856
NC005856.0321	NC005856.0321_00092	82452	83714	+	420	NA	94800	NC_005856	NC_005856
NC005856.0321	NC005856.0321_00093	83787	84293	+	168	NA	94800	NC_005856	NC_005856
NC005856.0321	NC005856.0321_00094	84488	85417	+	309	NA	94800	NC_005856	NC_005856
NC005856.0321	NC005856.0321_00095	85222	85557	+	111	NA	94800	NC_005856	NC_005856
NC005856.0321	NC005856.0321_00096	85554	85916	+	120	NA	94800	NC_005856	NC_005856
NC005856.0321	NC005856.0321_00097	86099	86212	+	37	NA	94800	NC_005856	NC_005856
NC005856.0321	NC005856.0321_00098	86228	86425	+	65	NA	94800	NC_005856	NC_005856
NC005856.0321	NC005856.0321_00099	86403	86543	+	46	NA	94800	NC_005856	NC_005856
NC005856.0321	NC005856.0321_00100	86567	86830	+	87	NA	94800	NC_005856	NC_005856
NC005856.0321	NC005856.0321_00101	86837	87409	-	190	NA	94800	NC_005856	NC_005856
NC005856.0321	NC005856.0321_00102	87584	87973	+	129	NA	94800	NC_005856	NC_005856
NC005856.0321	NC005856.0321_00103	88046	88267	+	73	NA	94800	NC_005856	NC_005856
NC005856.0321	NC005856.0321_00104	88267	88647	+	126	NA	94800	NC_005856	NC_005856
NC005856.0321	NC005856.0321_00105	88631	88831	+	66	NA	94800	NC_005856	NC_005856
NC005856.0321	NC005856.0321_00106	88859	89902	+	347	NA	94800	NC_005856	NC_005856
NC005856.0321	NC005856.0321_00107	89991	90443	+	150	NA	94800	NC_005856	NC_005856
NC005856.0321	NC005856.0321_00108	90529	91722	+	397	NA	94800	NC_005856	NC_005856
NC005856.0321	NC005856.0321_00109	91722	93206	+	494	NA	94800	NC_005856	NC_005856
NC005856.0321	NC005856.0321_00110	93231	94082	-	283	NA	94800	NC_005856	NC_005856
NC005856.0321	NC005856.0321_00111	94193	94402	-	69	NA	94800	NC_005856	NC_005856
NC005856.0321	NC005856.0321_00112	94368	94463	-	31	NA	94800	NC_005856	NC_005856
NC005856.0321	NC005856.0321_00113	94482	94595	-	37	NA	94800	NC_005856	NC_005856
NC050154.0321	NC050154.0321_00001	227	1264	+	345	NA	91159	NC_050154	NC_050154
NC050154.0321	NC050154.0321_00002	1292	2800	-	502	NA	91159	NC_050154	NC_050154
NC050154.0321	NC050154.0321_00003	2800	4164	-	454	NA	91159	NC_050154	NC_050154
NC050154.0321	NC050154.0321_00004	4161	4553	-	130	NA	91159	NC_050154	NC_050154
NC050154.0321	NC050154.0321_00005	4662	5054	-	130	NA	91159	NC_050154	NC_050154
NC050154.0321	NC050154.0321_00006	5054	5629	-	191	NA	91159	NC_050154	NC_050154
NC050154.0321	NC050154.0321_00007	6279	6443	-	54	NA	91159	NC_050154	NC_050154
NC050154.0321	NC050154.0321_00008	6443	6877	-	144	NA	91159	NC_050154	NC_050154
NC050154.0321	NC050154.0321_00012	9085	10308	-	407	NA	91159	NC_050154	NC_050154
NC050154.0321	NC050154.0321_00013	10407	10706	-	99	NA	91159	NC_050154	NC_050154
NC050154.0321	NC050154.0321_00014	10703	10903	-	66	NA	91159	NC_050154	NC_050154
NC050154.0321	NC050154.0321_00015	10918	11412	-	164	NA	91159	NC_050154	NC_050154
NC050154.0321	NC050154.0321_00016	11549	11809	-	86	NA	91159	NC_050154	NC_050154
NC050154.0321	NC050154.0321_00017	11812	12246	-	144	NA	91159	NC_050154	NC_050154
NC050154.0321	NC050154.0321_00018	12283	19119	-	2278	NA	91159	NC_050154	NC_050154
NC050154.0321	NC050154.0321_00019	19271	19756	+	161	NA	91159	NC_050154	NC_050154
NC050154.0321	NC050154.0321_00020	19789	19986	-	65	NA	91159	NC_050154	NC_050154
NC050154.0321	NC050154.0321_00021	19986	20693	-	235	NA	91159	NC_050154	NC_050154
NC050154.0321	NC050154.0321_00022	20693	20917	-	74	NA	91159	NC_050154	NC_050154
NC050154.0321	NC050154.0321_00023	21331	22293	-	320	NA	91159	NC_050154	NC_050154
NC050154.0321	NC050154.0321_00024	22494	23492	-	332	NA	91159	NC_050154	NC_050154
NC050154.0321	NC050154.0321_00025	23506	25188	-	560	NA	91159	NC_050154	NC_050154
NC050154.0321	NC050154.0321_00026	25273	25605	-	110	NA	91159	NC_050154	NC_050154
NC050154.0321	NC050154.0321_00027	25650	26207	-	185	NA	91159	NC_050154	NC_050154
NC050154.0321	NC050154.0321_00028	26333	27697	-	454	NA	91159	NC_050154	NC_050154
NC050154.0321	NC050154.0321_00029	27792	28166	-	124	NA	91159	NC_050154	NC_050154
NC050154.0321	NC050154.0321_00030	28166	30103	-	645	NA	91159	NC_050154	NC_050154
NC050154.0321	NC050154.0321_00031	30096	30716	-	206	NA	91159	NC_050154	NC_050154
NC050154.0321	NC050154.0321_00032	30706	31152	-	148	NA	91159	NC_050154	NC_050154
NC050154.0321	NC050154.0321_00033	31152	31478	-	108	NA	91159	NC_050154	NC_050154
NC050154.0321	NC050154.0321_00034	31584	32144	+	186	NA	91159	NC_050154	NC_050154
NC050154.0321	NC050154.0321_00035	32192	33712	+	506	NA	91159	NC_050154	NC_050154
NC050154.0321	NC050154.0321_00036	33715	34248	+	177	NA	91159	NC_050154	NC_050154
NC050154.0321	NC050154.0321_00037	34277	34807	-	176	NA	91159	NC_050154	NC_050154
NC050154.0321	NC050154.0321_00038	34808	37627	-	939	NA	91159	NC_050154	NC_050154
NC050154.0321	NC050154.0321_00039	37630	38076	-	148	NA	91159	NC_050154	NC_050154
NC050154.0321	NC050154.0321_00040	38171	39016	-	281	NA	91159	NC_050154	NC_050154
NC050154.0321	NC050154.0321_00041	39027	40457	-	476	NA	91159	NC_050154	NC_050154
NC050154.0321	NC050154.0321_00042	40454	40828	-	124	NA	91159	NC_050154	NC_050154
NC050154.0321	NC050154.0321_00043	40834	44616	-	1260	NA	91159	NC_050154	NC_050154
NC050154.0321	NC050154.0321_00044	44631	45452	-	273	NA	91159	NC_050154	NC_050154
NC050154.0321	NC050154.0321_00045	45841	46596	+	251	NA	91159	NC_050154	NC_050154
NC050154.0321	NC050154.0321_00046	46978	47685	-	235	NA	91159	NC_050154	NC_050154
NC050154.0321	NC050154.0321_00047	47701	48252	-	183	NA	91159	NC_050154	NC_050154
NC050154.0321	NC050154.0321_00048	48307	48798	-	163	NA	91159	NC_050154	NC_050154
NC050154.0321	NC050154.0321_00049	48807	49379	-	190	NA	91159	NC_050154	NC_050154
NC050154.0321	NC050154.0321_00050	49447	50181	-	244	NA	91159	NC_050154	NC_050154
NC050154.0321	NC050154.0321_00051	50225	51883	-	552	NA	91159	NC_050154	NC_050154
NC050154.0321	NC050154.0321_00052	51951	52229	-	92	NA	91159	NC_050154	NC_050154
NC050154.0321	NC050154.0321_00053	52273	52377	-	34	NA	91159	NC_050154	NC_050154
NC050154.0321	NC050154.0321_00054	52377	54074	-	565	NA	91159	NC_050154	NC_050154
NC050154.0321	NC050154.0321_00055	54233	54625	+	130	NA	91159	NC_050154	NC_050154
NC050154.0321	NC050154.0321_00056	54642	55100	+	152	NA	91159	NC_050154	NC_050154
NC050154.0321	NC050154.0321_00057	55088	55309	-	73	NA	91159	NC_050154	NC_050154
NC050154.0321	NC050154.0321_00058	55254	55706	-	150	NA	91159	NC_050154	NC_050154
NC050154.0321	NC050154.0321_00059	55783	56589	-	268	NA	91159	NC_050154	NC_050154
NC050154.0321	NC050154.0321_00060	56589	56873	-	94	NA	91159	NC_050154	NC_050154
NC050154.0321	NC050154.0321_00061	57140	58096	+	318	NA	91159	NC_050154	NC_050154
NC050154.0321	NC050154.0321_00062	58109	58447	+	112	NA	91159	NC_050154	NC_050154
NC050154.0321	NC050154.0321_00063	58735	59376	+	213	NA	91159	NC_050154	NC_050154
NC050154.0321	NC050154.0321_00064	59369	59656	+	95	NA	91159	NC_050154	NC_050154
NC050154.0321	NC050154.0321_00065	59925	61586	+	553	NA	91159	NC_050154	NC_050154
NC050154.0321	NC050154.0321_00066	61635	62540	-	301	NA	91159	NC_050154	NC_050154
NC050154.0321	NC050154.0321_00067	62533	63213	-	226	NA	91159	NC_050154	NC_050154
NC050154.0321	NC050154.0321_00068	63197	64102	-	301	NA	91159	NC_050154	NC_050154
NC050154.0321	NC050154.0321_00069	64162	64815	-	217	NA	91159	NC_050154	NC_050154
NC050154.0321	NC050154.0321_00070	64812	65792	-	326	NA	91159	NC_050154	NC_050154
NC050154.0321	NC050154.0321_00071	65796	66563	-	255	NA	91159	NC_050154	NC_050154
NC050154.0321	NC050154.0321_00072	66560	67351	-	263	NA	91159	NC_050154	NC_050154
NC050154.0321	NC050154.0321_00073	67514	67816	+	100	NA	91159	NC_050154	NC_050154
NC050154.0321	NC050154.0321_00074	67887	68225	+	112	NA	91159	NC_050154	NC_050154
NC050154.0321	NC050154.0321_00075	68282	68641	+	119	NA	91159	NC_050154	NC_050154
NC050154.0321	NC050154.0321_00076	68704	69432	+	242	NA	91159	NC_050154	NC_050154
NC050154.0321	NC050154.0321_00077	69466	70659	-	397	NA	91159	NC_050154	NC_050154
NC050154.0321	NC050154.0321_00078	70652	70981	-	109	NA	91159	NC_050154	NC_050154
NC050154.0321	NC050154.0321_00079	71018	71101	+	27	NA	91159	NC_050154	NC_050154
NC050154.0321	NC050154.0321_00080	71175	71309	+	44	NA	91159	NC_050154	NC_050154
NC050154.0321	NC050154.0321_00081	71310	71963	-	217	NA	91159	NC_050154	NC_050154
NC050154.0321	NC050154.0321_00082	72246	73142	+	298	NA	91159	NC_050154	NC_050154
NC050154.0321	NC050154.0321_00083	73182	73532	-	116	NA	91159	NC_050154	NC_050154
NC050154.0321	NC050154.0321_00084	73678	73962	-	94	NA	91159	NC_050154	NC_050154
NC050154.0321	NC050154.0321_00085	74022	74963	-	313	NA	91159	NC_050154	NC_050154
NC050154.0321	NC050154.0321_00086	74963	75178	-	71	NA	91159	NC_050154	NC_050154
NC050154.0321	NC050154.0321_00087	75234	75533	+	99	NA	91159	NC_050154	NC_050154
NC050154.0321	NC050154.0321_00088	75491	75658	-	55	NA	91159	NC_050154	NC_050154
NC050154.0321	NC050154.0321_00089	75655	75777	-	40	NA	91159	NC_050154	NC_050154
NC050154.0321	NC050154.0321_00090	75990	76568	-	192	NA	91159	NC_050154	NC_050154
NC050154.0321	NC050154.0321_00091	76689	76841	+	50	NA	91159	NC_050154	NC_050154
NC050154.0321	NC050154.0321_00092	76841	77452	+	203	NA	91159	NC_050154	NC_050154
NC050154.0321	NC050154.0321_00093	77449	77766	+	105	NA	91159	NC_050154	NC_050154
NC050154.0321	NC050154.0321_00094	77756	78112	+	118	NA	91159	NC_050154	NC_050154
NC050154.0321	NC050154.0321_00095	78109	78777	+	222	NA	91159	NC_050154	NC_050154
NC050154.0321	NC050154.0321_00096	78777	79097	+	106	NA	91159	NC_050154	NC_050154
NC050154.0321	NC050154.0321_00097	79189	79464	+	91	NA	91159	NC_050154	NC_050154
NC050154.0321	NC050154.0321_00098	79461	79685	+	74	NA	91159	NC_050154	NC_050154
NC050154.0321	NC050154.0321_00099	79682	79993	+	103	NA	91159	NC_050154	NC_050154
NC050154.0321	NC050154.0321_00100	79990	80682	+	230	NA	91159	NC_050154	NC_050154
NC050154.0321	NC050154.0321_00101	80781	81776	+	331	NA	91159	NC_050154	NC_050154
NC050154.0321	NC050154.0321_00102	81790	82089	+	99	NA	91159	NC_050154	NC_050154
NC050154.0321	NC050154.0321_00103	82076	82723	+	215	NA	91159	NC_050154	NC_050154
NC050154.0321	NC050154.0321_00104	82710	82901	+	63	NA	91159	NC_050154	NC_050154
NC050154.0321	NC050154.0321_00105	82903	83118	+	71	NA	91159	NC_050154	NC_050154
NC050154.0321	NC050154.0321_00106	83120	83575	+	151	NA	91159	NC_050154	NC_050154
NC050154.0321	NC050154.0321_00107	83586	84668	+	360	NA	91159	NC_050154	NC_050154
NC050154.0321	NC050154.0321_00108	84652	84804	+	50	NA	91159	NC_050154	NC_050154
NC050154.0321	NC050154.0321_00109	84911	85261	-	116	NA	91159	NC_050154	NC_050154
NC050154.0321	NC050154.0321_00110	85294	85440	+	48	NA	91159	NC_050154	NC_050154
NC050154.0321	NC050154.0321_00111	85452	85841	+	129	NA	91159	NC_050154	NC_050154
NC050154.0321	NC050154.0321_00112	85976	86398	+	140	NA	91159	NC_050154	NC_050154
NC050154.0321	NC050154.0321_00113	86507	86728	+	73	NA	91159	NC_050154	NC_050154
NC050154.0321	NC050154.0321_00114	86728	87108	+	126	NA	91159	NC_050154	NC_050154
NC050154.0321	NC050154.0321_00115	87113	87310	+	65	NA	91159	NC_050154	NC_050154
NC050154.0321	NC050154.0321_00116	87343	88119	-	258	NA	91159	NC_050154	NC_050154
NC050154.0321	NC050154.0321_00117	88126	88566	-	146	NA	91159	NC_050154	NC_050154
NC050154.0321	NC050154.0321_00118	88581	89075	-	164	NA	91159	NC_050154	NC_050154
NC050154.0321	NC050154.0321_00119	89072	89548	-	158	NA	91159	NC_050154	NC_050154
NC050154.0321	NC050154.0321_00120	89545	89889	-	114	NA	91159	NC_050154	NC_050154
NC050154.0321	NC050154.0321_00121	89963	90991	-	342	NA	91159	NC_050154	NC_050154
