query	subject	qseqid	sseqid	pident	evalue	bitscore	cov_q	cov_s
204G7_N15	NC001901.0321	204G7_N15_17	NC001901.0321_00001	0.97	2.367e-103	329	1	1
204G7_N15	NC001901.0321	204G7_N15_16	NC001901.0321_00002	0.992	0	1345	1	1
204G7_N15	NC001901.0321	204G7_N15_15	NC001901.0321_00003	0.955	1.819e-35	128	1	1
204G7_N15	NC001901.0321	204G7_N15_14	NC001901.0321_00004	0.918	0	1008	1.001890359168242	1
204G7_N15	NC001901.0321	204G7_N15_13	NC001901.0321_00005	0.917	1.754e-253	778	1	1
204G7_N15	NC001901.0321	204G7_N15_12	NC001901.0321_00007	0.918	7.155e-63	209	1	1
204G7_N15	NC001901.0321	204G7_N15_11	NC001901.0321_00008	0.97	2.9199999999999996e-218	670	1	1
204G7_N15	NC001901.0321	204G7_N15_10	NC001901.0321_00009	0.784	2.0470000000000002e-57	195	1.0666666666666669	1
204G7_N15	NC001901.0321	204G7_N15_9	NC001901.0321_00010	0.88	1.5799999999999998e-67	223	1	1
204G7_N15	NC001901.0321	204G7_N15_8	NC001901.0321_00011	0.983	1.5199999999999996e-107	342	1	1
204G7_N15	NC001901.0321	204G7_N15_7	NC001901.0321_00012	0.946	1.1719999999999999e-80	261	1	1
204G7_N15	NC001901.0321	204G7_N15_6	NC001901.0321_00013	0.975	1.923e-149	466	1	1
204G7_N15	NC001901.0321	204G7_N15_5	NC001901.0321_00014	0.892	8.23e-73	239	1	1
204G7_N15	NC001901.0321	204G7_N15_3	NC001901.0321_00016	0.943	0	1506	1	1
204G7_N15	NC001901.0321	204G7_N15_2	NC001901.0321_00017	0.921	2.1539999999999998e-68	225	1	1
204G7_N15	NC001901.0321	204G7_N15_1	NC001901.0321_00018	0.943	8.859999999999998e-112	354	1	0.7091633466135459
204G7_N15	NC001901.0321	204G7_N15_60	NC001901.0321_00019	0.967	2.6819999999999996e-170	526	1	1
204G7_N15	NC001901.0321	204G7_N15_59	NC001901.0321_00020	0.958	7.100999999999999e-114	361	0.979591836734694	1
204G7_N15	NC001901.0321	204G7_N15_58	NC001901.0321_00021	0.721	0	1658	1.0016906170752324	1.116870876531574
204G7_N15	NC001901.0321	204G7_N15_57	NC001901.0321_00022	0.76	1.813e-46	161	1	1
204G7_N15	NC001901.0321	204G7_N15_56	NC001901.0321_00023	0.653	1.89e-90	295	1.0044642857142858	1
170D8_P1_1	NC001901.0321	170D8_P1_1_42	NC001901.0321_00026	0.689	1.6119999999999996e-54	186	1	1.0078125
204G7_N15	NC001901.0321	204G7_N15_48	NC001901.0321_00027	0.893	2.8589999999999996e-196	607	1	0.9912280701754386
204G7_N15	NC001901.0321	204G7_N15_47	NC001901.0321_00028	0.992	1.577e-261	798	1	1
204G7_N15	NC001901.0321	204G7_N15_46	NC001901.0321_00029	0.982	0	1249	1	1
204G7_N15	NC001901.0321	204G7_N15_45	NC001901.0321_00030	0.875	2.1739999999999994e-151	473	1.027237354085603	1
204G7_N15	NC001901.0321	204G7_N15_44	NC001901.0321_00031	0.973	1.771e-38	137	1	0.986842105263158
204G7_N15	NC001901.0321	204G7_N15_43	NC001901.0321_00032	0.907	9.281e-25	96	1	0.5625
204G7_N15	NC001901.0321	204G7_N15_41	NC001901.0321_00035	0.99	1.228e-72	237	1	1
204G7_N15	NC001901.0321	204G7_N15_40	NC001901.0321_00036	0.939	1.685e-48	166	1	1
204G7_N15	NC001901.0321	204G7_N15_39	NC001901.0321_00037	0.995	0	2641	1	1
204G7_N15	NC001901.0321	204G7_N15_38	NC001901.0321_00038	0.99	3.432e-130	408	1	1
204G7_N15	NC001901.0321	204G7_N15_37	NC001901.0321_00039	0.985	7.252e-42	146	1	1
204G7_N15	NC001901.0321	204G7_N15_36	NC001901.0321_00040	0.955	8.685999999999999e-160	496	1	1
204G7_N15	NC001901.0321	204G7_N15_35	NC001901.0321_00041	0.829	2.361e-168	524	1	1.0032894736842106
204G7_N15	NC001901.0321	204G7_N15_34	NC001901.0321_00042	0.903	1.702e-101	323	1.006060606060606	1
204G7_N15	NC001901.0321	204G7_N15_33	NC001901.0321_00043	0.931	4.665e-83	273	0.7192118226600985	0.7411167512690355
170D8_P1_1	NC001901.0321	170D8_P1_1_47	NC001901.0321_00044	0.581	2.984e-28	109	0.8865979381443299	0.8431372549019608
204G7_N15	NC001901.0321	204G7_N15_31	NC001901.0321_00047	0.898	3.6109999999999996e-60	201	1	1
204G7_N15	NC001901.0321	204G7_N15_30	NC001901.0321_00048	0.986	1.902e-40	142	1	1
204G7_N15	NC001901.0321	204G7_N15_28	NC001901.0321_00049	0.989	8.156999999999999e-55	185	1	1
204G7_N15	NC001901.0321	204G7_N15_27	NC001901.0321_00050	0.99	2.47e-62	207	1	1
204G7_N15	NC001901.0321	204G7_N15_26	NC001901.0321_00051	0.931	3.584e-40	141	1	1
204G7_N15	NC001901.0321	204G7_N15_25	NC001901.0321_00052	0.946	1.5319999999999999e-40	143	1	1
204G7_N15	NC001901.0321	204G7_N15_24	NC001901.0321_00053	0.971	7.531e-185	576	0.753315649867374	1
204G7_N15	NC001901.0321	204G7_N15_23	NC001901.0321_00054	0.97	1.43e-57	193	1	1
204G7_N15	NC001901.0321	204G7_N15_22	NC001901.0321_00055	0.96	8.563999999999999e-115	362	0.99438202247191	0.99438202247191
204G7_N15	NC001901.0321	204G7_N15_21	NC001901.0321_00056	0.906	2.8289999999999997e-95	306	1	1
204G7_N15	NC001901.0321	204G7_N15_20	NC001901.0321_00057	0.863	2.753e-33	121	0.9850746268656716	0.9850746268656716
204G7_N15	NC001901.0321	204G7_N15_19	NC001901.0321_00058	0.919	1.8869999999999998e-59	199	0.9611650485436892	0.9
174J8_P1_2	NC005856.0321	174J8_P1_2_68	NC005856.0321_00001	0.972	5.060999999999999e-44	153	1	1
170D8_P1_1	NC005856.0321	170D8_P1_1_34	NC005856.0321_00002	0.413	8.563999999999999e-65	227	0.9415204678362572	0.9387755102040816
174J8_P1_2	NC005856.0321	174J8_P1_2_69	NC005856.0321_00002	0.997	6.948999999999999e-226	692	1	1
174J8_P1_2	NC005856.0321	174J8_P1_2_70	NC005856.0321_00003	0.927	1.28e-34	125	1	0.6699029126213593
170D8_P1_1	NC005856.0321	170D8_P1_1_69	NC005856.0321_00004	0.559	2.037e-44	160	0.828125	0.8548387096774194
174J8_P1_2	NC005856.0321	174J8_P1_2_71	NC005856.0321_00004	0.956	2.588e-115	364	1	1
174J8_P1_2	NC005856.0321	174J8_P1_2_72	NC005856.0321_00005	0.981	2.175e-133	418	1	0.852
174J8_P1_2	NC005856.0321	174J8_P1_2_78	NC005856.0321_00007	0.987	1.0670000000000001e-50	172	1	1
170D8_P1_1	NC005856.0321	170D8_P1_1_20	NC005856.0321_00008	0.444	3.0860000000000003e-28	110	0.9285714285714286	0.8013698630136986
174J8_P1_2	NC005856.0321	174J8_P1_2_79	NC005856.0321_00008	0.986	4.063e-93	298	1	1
170D8_P1_1	NC005856.0321	170D8_P1_1_19	NC005856.0321_00009	0.4	0	1530	1.0395083406496928	1.050110864745011
174J8_P1_2	NC005856.0321	174J8_P1_2_80	NC005856.0321_00009	0.986	0	4451	1	1
170D8_P1_1	NC005856.0321	170D8_P1_1_12	NC005856.0321_00010	0.513	6.462999999999999e-160	514	0.9162210338680928	0.9033391915641475
174J8_P1_2	NC005856.0321	174J8_P1_2_81	NC005856.0321_00010	0.992	0	1135	1	1
170D8_P1_1	NC005856.0321	170D8_P1_1_13	NC005856.0321_00011	0.428	2.633e-66	231	0.9427710843373494	0.9233038348082596
174J8_P1_2	NC005856.0321	174J8_P1_2_82	NC005856.0321_00011	0.988	5.247e-212	652	1	1
174J8_P1_2	NC005856.0321	174J8_P1_2_83	NC005856.0321_00013	0.988	2.94e-46	160	1	1
174J8_P1_2	NC005856.0321	174J8_P1_2_84	NC005856.0321_00014	1	7.631e-127	398	1	1
174J8_P1_2	NC005856.0321	174J8_P1_2_85	NC005856.0321_00015	0.987	4.58e-103	328	1	1
170D8_P1_1	NC005856.0321	170D8_P1_1_39	NC005856.0321_00016	0.481	1.122e-70	240	0.9360902255639098	0.778125
174J8_P1_2	NC005856.0321	174J8_P1_2_86	NC005856.0321_00016	0.939	6.956999999999999e-163	506	1	0.825
174J8_P1_2	NC005856.0321	174J8_P1_2_88	NC005856.0321_00020	0.97	1.1999999999999999e-61	205	1	1.0098039215686274
174J8_P1_2	NC005856.0321	174J8_P1_2_89	NC005856.0321_00021	0.988	0	1927	1	1
174J8_P1_2	NC005856.0321	174J8_P1_2_90	NC005856.0321_00023	0.958	3.948e-68	225	1	1
170D8_P1_1	NC005856.0321	170D8_P1_1_9	NC005856.0321_00024	0.395	3.5929999999999997e-112	378	0.9612403100775194	0.970266040688576
174J8_P1_2	NC005856.0321	174J8_P1_2_91	NC005856.0321_00024	0.982	0	1220	1	1
174J8_P1_2	NC005856.0321	174J8_P1_2_92	NC005856.0321_00025	0.985	3.2239999999999995e-117	371	1	0.9852216748768472
174J8_P1_2	NC005856.0321	174J8_P1_2_93	NC005856.0321_00026	0.986	1.162e-96	308	1	1
170D8_P1_1	NC005856.0321	170D8_P1_1_6	NC005856.0321_00027	0.44	9.95e-18	79	1.0092592592592593	1
174J8_P1_2	NC005856.0321	174J8_P1_2_94	NC005856.0321_00027	1	1.536e-64	214	1	1
174J8_P1_2	NC005856.0321	174J8_P1_2_95	NC005856.0321_00028	0.671	2.029e-29	111	0.8390804597701149	0.7849462365591398
170D8_P1_1	NC005856.0321	170D8_P1_1_5	NC005856.0321_00029	0.973	8.32e-114	360	1	1
174J8_P1_2	NC005856.0321	174J8_P1_2_96	NC005856.0321_00029	0.741	1.3369999999999999e-86	282	0.9789473684210528	1
204G7_N15	NC005856.0321	204G7_N15_51	NC005856.0321_00029	0.755	1.152e-83	274	0.9533678756476685	0.989247311827957
170D8_P1_1	NC005856.0321	170D8_P1_1_112	NC005856.0321_00033	0.443	8.331e-32	122	0.8986486486486487	0.9236111111111112
174J8_P1_2	NC005856.0321	174J8_P1_2_2	NC005856.0321_00033	0.986	9.009e-89	286	1	1
170D8_P1_1	NC005856.0321	170D8_P1_1_111	NC005856.0321_00034	0.459	3.254e-57	202	0.7900355871886121	0.7985611510791367
174J8_P1_2	NC005856.0321	174J8_P1_2_3	NC005856.0321_00034	0.974	3.406999999999999e-175	542	1	1
170D8_P1_1	NC005856.0321	170D8_P1_1_110	NC005856.0321_00035	0.42	1.3609999999999997e-106	355	0.9852941176470588	0.9832285115303984
174J8_P1_2	NC005856.0321	174J8_P1_2_4	NC005856.0321_00035	0.993	3.773e-304	946	1	1
170D8_P1_1	NC005856.0321	170D8_P1_1_109	NC005856.0321_00036	0.457	1.689e-19	85	0.8467741935483871	0.8898305084745762
174J8_P1_2	NC005856.0321	174J8_P1_2_5	NC005856.0321_00036	1	8.861e-75	244	1	1
174J8_P1_2	NC005856.0321	174J8_P1_2_6	NC005856.0321_00037	0.813	0	1868	1.0129975629569457	1.093859649122807
170D8_P1_1	NC005856.0321	170D8_P1_1_107	NC005856.0321_00038	0.397	2.9999999999999996e-59	207	1.0146520146520146	0.9453924914675768
174J8_P1_2	NC005856.0321	174J8_P1_2_7	NC005856.0321_00038	0.986	1.043e-198	611	1	1
170D8_P1_1	NC005856.0321	170D8_P1_1_105	NC005856.0321_00039	0.493	8.903e-45	164	0.6638297872340425	0.7684729064039408
174J8_P1_2	NC005856.0321	174J8_P1_2_8	NC005856.0321_00039	0.995	4.0839999999999994e-128	402	1	1
170D8_P1_1	NC005856.0321	170D8_P1_1_104	NC005856.0321_00040	0.524	2.806e-51	180	1	0.973404255319149
174J8_P1_2	NC005856.0321	174J8_P1_2_9	NC005856.0321_00040	0.973	1.664e-116	368	1	1
174J8_P1_2	NC005856.0321	174J8_P1_2_15	NC005856.0321_00048	0.977	1.769e-166	517	1	0.9572953736654805
174J8_P1_2	NC005856.0321	174J8_P1_2_16	NC005856.0321_00049	0.991	7.880999999999999e-156	484	1	1
174J8_P1_2	NC005856.0321	174J8_P1_2_17	NC005856.0321_00050	0.987	1.0629999999999999e-105	335	1	1
170D8_P1_1	NC005856.0321	170D8_P1_1_73	NC005856.0321_00051	0.397	8.573e-8	50	0.8058252427184466	0.8469387755102041
174J8_P1_2	NC005856.0321	174J8_P1_2_18	NC005856.0321_00051	0.938	1.076e-59	199	1	1
170D8_P1_1	NC005856.0321	170D8_P1_1_103	NC005856.0321_00052	0.554	1.217e-58	200	1.01840490797546	0.9822485207100592
174J8_P1_2	NC005856.0321	174J8_P1_2_19	NC005856.0321_00052	0.994	1.9199999999999995e-107	341	1	1
170D8_P1_1	NC005856.0321	170D8_P1_1_102	NC005856.0321_00053	0.427	5.575e-40	148	0.9540816326530612	0.9689119170984456
174J8_P1_2	NC005856.0321	174J8_P1_2_20	NC005856.0321_00053	0.993	3.356e-97	310	1	0.7979274611398963
170D8_P1_1	NC005856.0321	170D8_P1_1_101	NC005856.0321_00054	0.44	1.047e-32	129	0.7622950819672131	0.6863468634686347
174J8_P1_2	NC005856.0321	174J8_P1_2_21	NC005856.0321_00054	0.966	6.922e-153	478	1	1
170D8_P1_1	NC005856.0321	170D8_P1_1_100	NC005856.0321_00055	0.412	3.962999999999999e-118	392	1.0054347826086956	1.0491493383742911
174J8_P1_2	NC005856.0321	174J8_P1_2_22	NC005856.0321_00055	0.988	0	1055	1	1
170D8_P1_1	NC005856.0321	170D8_P1_1_97	NC005856.0321_00056	0.464	3.1639999999999996e-160	514	0.9631675874769796	0.920774647887324
174J8_P1_2	NC005856.0321	174J8_P1_2_23	NC005856.0321_00056	0.941	0	1084	1	1
174J8_P1_2	NC005856.0321	174J8_P1_2_24	NC005856.0321_00057	1	2.0149999999999997e-205	633	1	1
174J8_P1_2	NC005856.0321	174J8_P1_2_25	NC005856.0321_00058	0.997	1.746e-260	796	1	1
174J8_P1_2	NC005856.0321	174J8_P1_2_27	NC005856.0321_00059	0.405	1.198e-55	198	0.9897959183673468	1.0174825174825175
174J8_P1_2	NC005856.0321	174J8_P1_2_28	NC005856.0321_00060	0.953	3.7649999999999996e-80	260	1	1
174J8_P1_2	NC005856.0321	174J8_P1_2_29	NC005856.0321_00062	1	1.722e-80	261	1	1
174J8_P1_2	NC005856.0321	174J8_P1_2_30	NC005856.0321_00063	1	1.422e-154	482	1	0.9323843416370108
170D8_P1_1	NC005856.0321	170D8_P1_1_92	NC005856.0321_00064	0.574	6.511e-35	128	1	1
174J8_P1_2	NC005856.0321	174J8_P1_2_31	NC005856.0321_00065	1	2.282e-59	198	1	1
170D8_P1_1	NC005856.0321	170D8_P1_1_85	NC005856.0321_00066	0.51	1.8139999999999997e-88	293	0.9966777408637874	0.9966777408637874
174J8_P1_2	NC005856.0321	174J8_P1_2_32	NC005856.0321_00066	0.996	2.735e-191	590	1	1
174J8_P1_2	NC005856.0321	174J8_P1_2_33	NC005856.0321_00067	0.784	0	1342	1	1.143236074270557
170D8_P1_1	NC005856.0321	170D8_P1_1_27	NC005856.0321_00073	0.622	6.498e-12	59	0.9814814814814816	0.9814814814814816
174J8_P1_2	NC005856.0321	174J8_P1_2_37	NC005856.0321_00076	0.993	1.669e-291	888	1	1
174J8_P1_2	NC005856.0321	174J8_P1_2_38	NC005856.0321_00077	0.978	4.254999999999999e-223	684	1	1
170D8_P1_1	NC005856.0321	170D8_P1_1_84	NC005856.0321_00078	0.457	3.619e-52	184	0.9262672811059908	0.9571428571428572
174J8_P1_2	NC005856.0321	174J8_P1_2_39	NC005856.0321_00078	1	2.587e-133	418	1	1
170D8_P1_1	NC005856.0321	170D8_P1_1_83	NC005856.0321_00079	0.364	1.5940000000000002e-69	240	0.9846625766871164	0.9497041420118344
174J8_P1_2	NC005856.0321	174J8_P1_2_40	NC005856.0321_00079	0.994	5.1189999999999997e-222	681	1	1
174J8_P1_2	NC005856.0321	174J8_P1_2_41	NC005856.0321_00080	0.996	1.6199999999999996e-169	525	1	1
170D8_P1_1	NC005856.0321	170D8_P1_1_81	NC005856.0321_00081	0.455	2.53e-39	149	0.6007604562737643	0.6528925619834711
174J8_P1_2	NC005856.0321	174J8_P1_2_42	NC005856.0321_00081	1	9.864999999999998e-161	499	1	1
170D8_P1_1	NC005856.0321	170D8_P1_1_79	NC005856.0321_00082	0.573	5.234e-113	370	0.830423940149626	0.8222222222222222
174J8_P1_2	NC005856.0321	174J8_P1_2_43	NC005856.0321_00082	0.997	1.602e-259	793	1	1
170D8_P1_1	NC005856.0321	170D8_P1_1_78	NC005856.0321_00083	0.406	1.634e-15	73	0.8807339449541285	0.768
174J8_P1_2	NC005856.0321	174J8_P1_2_44	NC005856.0321_00083	1	2.777e-55	186	1	0.688
174J8_P1_2	NC005856.0321	174J8_P1_2_45	NC005856.0321_00084	1	9.293e-50	169	1	1
170D8_P1_1	NC005856.0321	170D8_P1_1_22	NC005856.0321_00085	0.573	3.73e-40	147	0.8343558282208589	0.7083333333333334
174J8_P1_2	NC005856.0321	174J8_P1_2_46	NC005856.0321_00085	0.989	4.699e-125	393	1	1
174J8_P1_2	NC005856.0321	174J8_P1_2_47	NC005856.0321_00086	1	1.283e-26	101	1	1
174J8_P1_2	NC005856.0321	174J8_P1_2_48	NC005856.0321_00088	1	8.31e-143	445	1	1
170D8_P1_1	NC005856.0321	170D8_P1_1_58	NC005856.0321_00089	0.863	4.6929999999999995e-130	409	0.9594594594594594	0.9260869565217392
174J8_P1_2	NC005856.0321	174J8_P1_2_49	NC005856.0321_00089	0.986	4.25e-154	479	1	0.9782608695652174
174J8_P1_2	NC005856.0321	174J8_P1_2_50	NC005856.0321_00090	0.978	9.414e-165	510	1	1
174J8_P1_2	NC005856.0321	174J8_P1_2_51	NC005856.0321_00091	1	2.7869999999999998e-45	156	1	1
174J8_P1_2	NC005856.0321	174J8_P1_2_52	NC005856.0321_00092	0.997	3.65e-270	825	1	1
174J8_P1_2	NC005856.0321	174J8_P1_2_53	NC005856.0321_00093	0.982	8.564e-110	347	1	1
170D8_P1_1	NC005856.0321	170D8_P1_1_43	NC005856.0321_00100	0.939	6.626e-45	156	1	0.9540229885057472
170D8_P1_1	NC005856.0321	170D8_P1_1_42	NC005856.0321_00102	0.961	3.587e-80	260	1	1
170D8_P1_1	NC005856.0321	170D8_P1_1_41	NC005856.0321_00103	1	7.357999999999999e-41	143	1	1
174J8_P1_2	NC005856.0321	174J8_P1_2_57	NC005856.0321_00103	1	7.357999999999999e-41	143	1	1
170D8_P1_1	NC005856.0321	170D8_P1_1_40	NC005856.0321_00104	0.911	2.132e-69	229	0.984126984126984	0.984126984126984
174J8_P1_2	NC005856.0321	174J8_P1_2_58	NC005856.0321_00104	1	1.568e-76	249	1	1
174J8_P1_2	NC005856.0321	174J8_P1_2_59	NC005856.0321_00105	0.983	5.513e-31	114	1	0.8939393939393939
170D8_P1_1	NC005856.0321	170D8_P1_1_57	NC005856.0321_00106	0.387	5.499e-70	241	1.0302114803625375	0.9827089337175792
174J8_P1_2	NC005856.0321	174J8_P1_2_60	NC005856.0321_00106	0.982	9.426999999999998e-237	724	1	1
174J8_P1_2	NC005856.0321	174J8_P1_2_61	NC005856.0321_00107	0.993	3.94e-94	301	1	1
174J8_P1_2	NC005856.0321	174J8_P1_2_62	NC005856.0321_00108	0.984	1.0739999999999999e-249	764	1	1
170D8_P1_1	NC005856.0321	170D8_P1_1_32	NC005856.0321_00109	0.555	3.2729999999999996e-176	558	0.9721115537848606	0.9878542510121456
174J8_P1_2	NC005856.0321	174J8_P1_2_63	NC005856.0321_00109	0.997	0	1017	1	1
174J8_P1_2	NC005856.0321	174J8_P1_2_66	NC005856.0321_00110	0.989	1.1569999999999998e-181	561	1	1
174J8_P1_2	NC005856.0321	174J8_P1_2_67	NC005856.0321_00111	0.971	6.386e-38	135	1	1
170D8_P1_1	NC050154.0321	170D8_P1_1_33	NC050154.0321_00001	0.997	1.099e-219	675	1	1
170D8_P1_1	NC050154.0321	170D8_P1_1_32	NC050154.0321_00002	0.992	0	1031	1	1
174J8_P1_2	NC050154.0321	174J8_P1_2_63	NC050154.0321_00002	0.554	1.8979999999999997e-177	561	0.9898785425101214	0.9741035856573704
170D8_P1_1	NC050154.0321	170D8_P1_1_31	NC050154.0321_00003	0.988	6.557e-276	843	1	1
170D8_P1_1	NC050154.0321	170D8_P1_1_30	NC050154.0321_00004	1	4.524e-82	265	1	1
170D8_P1_1	NC050154.0321	170D8_P1_1_29	NC050154.0321_00005	0.984	2.637e-83	269	1	1
170D8_P1_1	NC050154.0321	170D8_P1_1_28	NC050154.0321_00006	1	8.420999999999999e-125	392	1	1
170D8_P1_1	NC050154.0321	170D8_P1_1_27	NC050154.0321_00007	1	6.757e-25	96	1	1
170D8_P1_1	NC050154.0321	170D8_P1_1_26	NC050154.0321_00008	1	8.213e-88	283	1	1
170D8_P1_1	NC050154.0321	170D8_P1_1_25	NC050154.0321_00012	0.995	5.1659999999999995e-266	812	1	0.9877149877149876
170D8_P1_1	NC050154.0321	170D8_P1_1_24	NC050154.0321_00013	0.969	4.821999999999999e-54	183	1	1
170D8_P1_1	NC050154.0321	170D8_P1_1_23	NC050154.0321_00014	0.984	3.998e-38	135	1	1
170D8_P1_1	NC050154.0321	170D8_P1_1_22	NC050154.0321_00015	0.993	9.569999999999998e-107	338	1	0.9939024390243902
174J8_P1_2	NC050154.0321	174J8_P1_2_46	NC050154.0321_00015	0.573	5.274999999999999e-41	151	0.7083333333333334	0.8292682926829268
170D8_P1_1	NC050154.0321	170D8_P1_1_21	NC050154.0321_00016	1	9.840999999999999e-55	184	1	1
170D8_P1_1	NC050154.0321	170D8_P1_1_20	NC050154.0321_00017	0.984	6.3939999999999995e-81	262	1	0.875
174J8_P1_2	NC050154.0321	174J8_P1_2_79	NC050154.0321_00017	0.471	8.995999999999999e-37	136	0.9452054794520548	0.9583333333333334
170D8_P1_1	NC050154.0321	170D8_P1_1_19	NC050154.0321_00018	0.994	0	4550	1	1
174J8_P1_2	NC050154.0321	174J8_P1_2_80	NC050154.0321_00018	0.431	0	1521	0.8944567627494456	0.8854258121158911
170D8_P1_1	NC050154.0321	170D8_P1_1_18	NC050154.0321_00019	1	7.640999999999999e-109	344	1	1
170D8_P1_1	NC050154.0321	170D8_P1_1_17	NC050154.0321_00020	1	1.3839999999999998e-41	145	1	1
170D8_P1_1	NC050154.0321	170D8_P1_1_14	NC050154.0321_00023	0.978	8.221e-203	625	1	1
170D8_P1_1	NC050154.0321	170D8_P1_1_13	NC050154.0321_00024	0.969	1.7029999999999998e-207	639	0.9969879518072288	0.9969879518072288
174J8_P1_2	NC050154.0321	174J8_P1_2_82	NC050154.0321_00024	0.415	2.0449999999999997e-67	234	0.9793510324483776	1
170D8_P1_1	NC050154.0321	170D8_P1_1_12	NC050154.0321_00025	0.991	0	1111	0.998217468805704	1
174J8_P1_2	NC050154.0321	174J8_P1_2_81	NC050154.0321_00025	0.518	8.079999999999999e-162	520	0.8681898066783831	0.8821428571428571
170D8_P1_1	NC050154.0321	170D8_P1_1_11	NC050154.0321_00028	0.964	5.989e-275	841	0.9739696312364424	0.9889867841409692
170D8_P1_1	NC050154.0321	170D8_P1_1_10	NC050154.0321_00029	0.927	4.143e-68	225	1.0163934426229508	1
170D8_P1_1	NC050154.0321	170D8_P1_1_9	NC050154.0321_00030	0.875	0	1073	1.0108527131782945	1.0108527131782945
174J8_P1_2	NC050154.0321	174J8_P1_2_91	NC050154.0321_00030	0.384	8.228e-115	386	0.976525821596244	0.9674418604651164
170D8_P1_1	NC050154.0321	170D8_P1_1_8	NC050154.0321_00031	0.946	1.485e-113	361	0.9951219512195122	0.9902912621359224
174J8_P1_2	NC050154.0321	174J8_P1_2_92	NC050154.0321_00031	0.388	1.496e-24	103	0.72	0.6990291262135923
170D8_P1_1	NC050154.0321	170D8_P1_1_7	NC050154.0321_00032	0.993	1.3879999999999998e-94	302	0.9932432432432432	0.9932432432432432
170D8_P1_1	NC050154.0321	170D8_P1_1_6	NC050154.0321_00033	1	2.298e-62	207	1	1
174J8_P1_2	NC050154.0321	174J8_P1_2_94	NC050154.0321_00033	0.433	1.556e-18	81	0.9724770642201837	0.9814814814814816
170D8_P1_1	NC050154.0321	170D8_P1_1_5	NC050154.0321_00034	0.983	9.141999999999998e-115	363	1	1
174J8_P1_2	NC050154.0321	174J8_P1_2_96	NC050154.0321_00034	0.747	3.7859999999999997e-87	284	0.9789473684210528	1
204G7_N15	NC050154.0321	204G7_N15_51	NC050154.0321_00034	0.75	6.133e-84	274	0.9533678756476685	0.989247311827957
170D8_P1_1	NC050154.0321	170D8_P1_1_112	NC050154.0321_00039	0.966	1.0509999999999999e-91	294	1	1
174J8_P1_2	NC050154.0321	174J8_P1_2_2	NC050154.0321_00039	0.454	4.673e-31	119	0.9166666666666666	0.8918918918918919
170D8_P1_1	NC050154.0321	170D8_P1_1_111	NC050154.0321_00040	0.95	4.202999999999999e-179	554	1	1
174J8_P1_2	NC050154.0321	174J8_P1_2_3	NC050154.0321_00040	0.419	1.242e-55	197	0.9172661870503596	0.9074733096085408
170D8_P1_1	NC050154.0321	170D8_P1_1_110	NC050154.0321_00041	0.962	2.2589999999999996e-303	924	1	1
174J8_P1_2	NC050154.0321	174J8_P1_2_4	NC050154.0321_00041	0.424	1.115e-104	349	0.9832285115303984	0.9852941176470588
170D8_P1_1	NC050154.0321	170D8_P1_1_109	NC050154.0321_00042	0.975	1.56e-77	252	1	1
174J8_P1_2	NC050154.0321	174J8_P1_2_5	NC050154.0321_00042	0.457	1.32e-19	85	0.8898305084745762	0.8467741935483871
170D8_P1_1	NC050154.0321	170D8_P1_1_108	NC050154.0321_00043	0.882	0	2104	1	1.0023809523809524
170D8_P1_1	NC050154.0321	170D8_P1_1_107	NC050154.0321_00044	0.992	4.6589999999999994e-184	568	1	1
174J8_P1_2	NC050154.0321	174J8_P1_2_7	NC050154.0321_00044	0.389	1.988e-57	203	0.9453924914675768	1.0146520146520146
170D8_P1_1	NC050154.0321	170D8_P1_1_106	NC050154.0321_00045	1	1.6599999999999998e-161	501	1	1
170D8_P1_1	NC050154.0321	170D8_P1_1_105	NC050154.0321_00046	0.991	9.027999999999998e-147	458	1	1
174J8_P1_2	NC050154.0321	174J8_P1_2_8	NC050154.0321_00046	0.471	1.8759999999999998e-45	164	0.8571428571428571	0.7404255319148936
170D8_P1_1	NC050154.0321	170D8_P1_1_104	NC050154.0321_00047	1	6.353e-116	366	1	1
174J8_P1_2	NC050154.0321	174J8_P1_2_9	NC050154.0321_00047	0.524	5.245e-52	182	0.973404255319149	1
170D8_P1_1	NC050154.0321	170D8_P1_1_103	NC050154.0321_00048	1	3.3819999999999996e-106	337	1	1
174J8_P1_2	NC050154.0321	174J8_P1_2_19	NC050154.0321_00048	0.554	9.599999999999999e-57	195	0.9822485207100592	1.01840490797546
170D8_P1_1	NC050154.0321	170D8_P1_1_102	NC050154.0321_00049	1	1.4209999999999998e-117	372	0.9693877551020408	1
174J8_P1_2	NC050154.0321	174J8_P1_2_20	NC050154.0321_00049	0.436	2.684e-34	129	1.025974025974026	0.8315789473684211
170D8_P1_1	NC050154.0321	170D8_P1_1_101	NC050154.0321_00050	0.995	4.4179999999999996e-145	454	1	1
174J8_P1_2	NC050154.0321	174J8_P1_2_21	NC050154.0321_00050	0.41	1.025e-28	118	0.8007380073800738	0.889344262295082
170D8_P1_1	NC050154.0321	170D8_P1_1_100	NC050154.0321_00051	0.965	0	1050	1	1
174J8_P1_2	NC050154.0321	174J8_P1_2_22	NC050154.0321_00051	0.412	9.249e-119	392	1.054820415879017	1.0108695652173914
170D8_P1_1	NC050154.0321	170D8_P1_1_99	NC050154.0321_00052	0.934	1.069e-48	167	1	1
170D8_P1_1	NC050154.0321	170D8_P1_1_98	NC050154.0321_00053	1	2.403e-13	62	1	1
170D8_P1_1	NC050154.0321	170D8_P1_1_97	NC050154.0321_00054	0.987	0	1097	1	0.9610619469026548
174J8_P1_2	NC050154.0321	174J8_P1_2_23	NC050154.0321_00054	0.439	3.5659999999999998e-155	500	0.9806338028169014	0.9858407079646018
170D8_P1_1	NC050154.0321	170D8_P1_1_96	NC050154.0321_00055	0.976	2.6050000000000002e-79	258	0.9027777777777778	1
170D8_P1_1	NC050154.0321	170D8_P1_1_95	NC050154.0321_00056	0.986	7.3e-103	327	1	1
170D8_P1_1	NC050154.0321	170D8_P1_1_94	NC050154.0321_00058	0.986	1.343e-79	259	1	1
170D8_P1_1	NC050154.0321	170D8_P1_1_93	NC050154.0321_00059	0.899	5.934999999999999e-137	432	1.00374531835206	1
170D8_P1_1	NC050154.0321	170D8_P1_1_92	NC050154.0321_00060	0.968	1.1090000000000001e-58	196	1	1
170D8_P1_1	NC050154.0321	170D8_P1_1_91	NC050154.0321_00061	0.977	1.5099999999999998e-206	635	1	1
170D8_P1_1	NC050154.0321	170D8_P1_1_90	NC050154.0321_00062	0.866	1.24e-53	183	1	1
170D8_P1_1	NC050154.0321	170D8_P1_1_89	NC050154.0321_00063	0.929	5.252999999999999e-129	406	1	1
170D8_P1_1	NC050154.0321	170D8_P1_1_88	NC050154.0321_00064	0.778	1.2649999999999999e-38	138	1.0106382978723405	1
170D8_P1_1	NC050154.0321	170D8_P1_1_87	NC050154.0321_00066	0.953	9.397999999999999e-194	597	1	1
170D8_P1_1	NC050154.0321	170D8_P1_1_86	NC050154.0321_00067	0.995	5.925999999999999e-157	487	1	1
170D8_P1_1	NC050154.0321	170D8_P1_1_85	NC050154.0321_00068	0.953	4.459999999999999e-183	567	1	1
174J8_P1_2	NC050154.0321	174J8_P1_2_32	NC050154.0321_00068	0.516	3.0550000000000002e-90	299	0.9966777408637874	0.9966777408637874
170D8_P1_1	NC050154.0321	170D8_P1_1_84	NC050154.0321_00069	0.921	6.151999999999999e-132	414	1	1
174J8_P1_2	NC050154.0321	174J8_P1_2_39	NC050154.0321_00069	0.462	1.606e-53	188	0.9571428571428572	0.9262672811059908
170D8_P1_1	NC050154.0321	170D8_P1_1_83	NC050154.0321_00070	0.963	1.7199999999999997e-210	647	1	1
174J8_P1_2	NC050154.0321	174J8_P1_2_40	NC050154.0321_00070	0.373	3.815e-70	242	0.9497041420118344	0.9846625766871164
170D8_P1_1	NC050154.0321	170D8_P1_1_82	NC050154.0321_00071	0.972	4.6899999999999996e-160	497	1	1
170D8_P1_1	NC050154.0321	170D8_P1_1_81	NC050154.0321_00072	0.98	2.155e-171	531	1	1
174J8_P1_2	NC050154.0321	174J8_P1_2_42	NC050154.0321_00072	0.448	3.5e-40	151	0.6818181818181818	0.6273764258555133
170D8_P1_1	NC050154.0321	170D8_P1_1_79	NC050154.0321_00077	0.979	7.045e-247	756	0.9850374064837906	0.9949622166246852
174J8_P1_2	NC050154.0321	174J8_P1_2_43	NC050154.0321_00077	0.576	4.535e-116	379	0.8222222222222222	0.8387909319899244
170D8_P1_1	NC050154.0321	170D8_P1_1_78	NC050154.0321_00078	1	4.972e-70	229	1	1
174J8_P1_2	NC050154.0321	174J8_P1_2_44	NC050154.0321_00078	0.451	1.136e-11	61	0.7209302325581395	0.5688073394495413
170D8_P1_1	NC050154.0321	170D8_P1_1_77	NC050154.0321_00080	1	4.042e-17	74	1	1
170D8_P1_1	NC050154.0321	170D8_P1_1_76	NC050154.0321_00081	0.99	4.354e-135	423	1	1
170D8_P1_1	NC050154.0321	170D8_P1_1_73	NC050154.0321_00084	0.818	3.4729999999999995e-41	146	0.8543689320388349	0.9361702127659576
174J8_P1_2	NC050154.0321	174J8_P1_2_18	NC050154.0321_00084	0.41	9.73e-8	50	0.7959183673469388	0.8297872340425532
170D8_P1_1	NC050154.0321	170D8_P1_1_70	NC050154.0321_00088	1	8.462e-31	113	1	1
170D8_P1_1	NC050154.0321	170D8_P1_1_69	NC050154.0321_00090	0.989	2.21e-117	371	1	1
174J8_P1_2	NC050154.0321	174J8_P1_2_71	NC050154.0321_00090	0.497	1.731e-48	172	1.0268817204301075	0.9947916666666666
170D8_P1_1	NC050154.0321	170D8_P1_1_68	NC050154.0321_00091	1	2.685e-24	94	1	1
170D8_P1_1	NC050154.0321	170D8_P1_1_67	NC050154.0321_00092	0.828	6.922999999999999e-105	336	0.9565217391304348	0.9753694581280788
170D8_P1_1	NC050154.0321	170D8_P1_1_66	NC050154.0321_00093	0.971	4.473e-64	212	1	1
170D8_P1_1	NC050154.0321	170D8_P1_1_65	NC050154.0321_00094	0.515	2.629e-14	72	0.5857988165680473	0.8389830508474576
170D8_P1_1	NC050154.0321	170D8_P1_1_64	NC050154.0321_00095	0.904	2.701e-122	386	0.9859154929577464	0.945945945945946
170D8_P1_1	NC050154.0321	170D8_P1_1_62	NC050154.0321_00097	0.865	3.109e-43	152	0.9175257731958762	0.978021978021978
170D8_P1_1	NC050154.0321	170D8_P1_1_61	NC050154.0321_00098	0.945	2.3769999999999997e-42	148	1	1
170D8_P1_1	NC050154.0321	170D8_P1_1_60	NC050154.0321_00099	0.99	4.4370000000000003e-72	235	1	1
170D8_P1_1	NC050154.0321	170D8_P1_1_58	NC050154.0321_00100	0.876	6.244999999999999e-133	417	0.9864864864864864	0.9521739130434784
174J8_P1_2	NC050154.0321	174J8_P1_2_49	NC050154.0321_00100	0.884	1.797e-135	425	0.96	0.9391304347826088
170D8_P1_1	NC050154.0321	170D8_P1_1_57	NC050154.0321_00101	0.975	4.9229999999999996e-225	689	1	1
174J8_P1_2	NC050154.0321	174J8_P1_2_60	NC050154.0321_00101	0.384	3.729e-67	234	0.9827089337175792	1.0302114803625375
170D8_P1_1	NC050154.0321	170D8_P1_1_52	NC050154.0321_00105	0.913	2.3259999999999997e-41	145	1	0.971830985915493
170D8_P1_1	NC050154.0321	170D8_P1_1_51	NC050154.0321_00107	0.438	3.3999999999999997e-44	162	1.0960698689956332	0.6972222222222222
170D8_P1_1	NC050154.0321	170D8_P1_1_42	NC050154.0321_00111	0.937	8.441e-79	256	1	1
170D8_P1_1	NC050154.0321	170D8_P1_1_41	NC050154.0321_00113	1	7.357999999999999e-41	143	1	1
174J8_P1_2	NC050154.0321	174J8_P1_2_57	NC050154.0321_00113	1	7.357999999999999e-41	143	1	1
170D8_P1_1	NC050154.0321	170D8_P1_1_40	NC050154.0321_00114	0.903	7.544e-69	227	0.984126984126984	0.984126984126984
174J8_P1_2	NC050154.0321	174J8_P1_2_58	NC050154.0321_00114	0.992	5.547e-76	248	1	1
174J8_P1_2	NC050154.0321	174J8_P1_2_59	NC050154.0321_00115	0.949	4.6719999999999996e-29	109	1	0.9076923076923076
170D8_P1_1	NC050154.0321	170D8_P1_1_39	NC050154.0321_00116	0.968	2.77e-159	496	0.9586466165413534	0.9883720930232558
174J8_P1_2	NC050154.0321	174J8_P1_2_86	NC050154.0321_00116	0.477	4.0300000000000005e-71	241	0.9431818181818182	0.9651162790697676
170D8_P1_1	NC050154.0321	170D8_P1_1_38	NC050154.0321_00117	0.857	2.029e-70	237	0.5727272727272728	0.863013698630137
170D8_P1_1	NC050154.0321	170D8_P1_1_37	NC050154.0321_00118	0.944	7.859999999999999e-101	321	0.9939024390243902	0.9939024390243902
170D8_P1_1	NC050154.0321	170D8_P1_1_36	NC050154.0321_00119	0.993	2.757e-103	328	1	1
170D8_P1_1	NC050154.0321	170D8_P1_1_35	NC050154.0321_00120	1	6.95e-71	232	1	1
170D8_P1_1	NC050154.0321	170D8_P1_1_34	NC050154.0321_00121	0.994	2.5759999999999993e-226	694	1	1
174J8_P1_2	NC050154.0321	174J8_P1_2_69	NC050154.0321_00121	0.413	3.4819999999999997e-65	228	0.9387755102040816	0.9415204678362572
170D8_P1_1	NC050154.0321	170D8_P1_1_15	NC050154.0321_00022	1	3.183e-49	168	1	1
170D8_P1_1	NC050154.0321	170D8_P1_1_16	NC050154.0321_00021	0.987	3.403999999999999e-150	468	1	1
170D8_P1_1	NC005856.0321	170D8_P1_1_3	NC005856.0321_00031	0.817	3.028e-92	297	1	1
170D8_P1_1	NC050154.0321	170D8_P1_1_3	NC050154.0321_00037	0.8	2.0100000000000003e-91	295	1	0.9943181818181818
170D8_P1_1	NC050154.0321	170D8_P1_1_4	NC050154.0321_00035	0.614	1.559e-186	583	1.246341463414634	1.0098814229249011
170D8_P1_1	NC005856.0321	170D8_P1_1_71	NC005856.0321_00044	0.627	1.584e-20	85	0.8309859154929577	0.8082191780821918
170D8_P1_1	NC050154.0321	170D8_P1_1_71	NC050154.0321_00086	0.971	9.398999999999999e-45	154	0.9859154929577464	0.9859154929577464
170D8_P1_1	NC050154.0321	170D8_P1_1_72	NC050154.0321_00085	0.853	4.402999999999999e-173	538	1.0162337662337662	1
174J8_P1_2	NC005856.0321	174J8_P1_2_12	NC005856.0321_00044	0.958	6.021e-46	158	1	1
174J8_P1_2	NC050154.0321	174J8_P1_2_12	NC050154.0321_00022	0.59	2.045e-18	79	0.8356164383561644	0.8243243243243243
174J8_P1_2	NC005856.0321	174J8_P1_2_13	NC005856.0321_00045	0.904	1.0209999999999999e-196	608	1.0087209302325582	1
174J8_P1_2	NC005856.0321	174J8_P1_2_14	NC005856.0321_00047	0.992	1.061e-172	535	1	1
174J8_P1_2	NC050154.0321	174J8_P1_2_64	NC050154.0321_00086	0.681	2.845e-26	102	0.9041095890410958	0.9295774647887324
